static const char kernel_config_data[] __used = MAGIC_START
	"\x1f\x8b\x08\x00\x00\x00\x00\x00\x02\x03\x8c\x3c\x4b\x73\xe3\x36"
	"\xd2\xf7\xfd\x15\xaa\xe4\x92\x1c\x32\xa3\xd7\xf8\xb1\x5f\xf9\x00"
	"\x91\x20\x85\x15\x49\xd0\x00\x28\xd9\xbe\xb0\x34\xb6\x3c\xf1\x17"
	"\x5b\x9a\x95\xe5\x49\xe6\xdf\x6f\x37\x40\x8a\x00\x09\xca\x4e\x4d"
	"\xa5\x2c\x74\xa3\x01\x34\x1a\xfd\x42\x83\xbf\xfe\xeb\xd7\x01\x79"
	"\x3b\xec\x5e\xd6\x87\xa7\xfb\xf5\xf3\xf3\xcf\xc1\xb7\xcd\x76\xb3"
	"\x5f\x1f\x36\x0f\x83\xc7\xa7\xe7\xcd\xff\x0d\x42\x3e\xc8\xb8\x1a"
	"\xd0\x90\xa9\x4f\x80\x9c\x3c\x6d\xdf\xfe\xf9\xbc\xde\xbf\x9c\x4d"
	"\x07\xd3\x4f\xa3\xcb\x4f\xa3\x2f\xd3\xc1\x62\xb3\xdf\x6e\x9e\x07"
	"\xc1\x6e\xfb\xf8\xf4\xed\x0d\x7a\x3f\xed\xb6\xff\xfa\xf5\x5f\xf0"
	"\xef\x57\x68\x7c\xf9\x0e\x84\xf6\xff\x1e\x90\xed\xc3\x7e\xf7\xf4"
	"\x30\xf8\xed\x6c\x3a\x9d\x0c\xcf\x2f\x06\x5f\xd7\xaf\x30\xcc\x6e"
	"\x3b\xd8\x4f\x2e\x26\x97\xc3\xf1\xef\x83\xfb\xe7\xf5\xf6\xdb\xe0"
	"\xc7\x66\xff\x0a\x14\x06\xa3\xd1\xa7\xe1\xa7\xd1\xe0\xb7\x3f\x0f"
	"\x87\xef\xaf\xff\xfe\xfc\x79\x6d\x08\x7c\xfa\xb6\xdb\x7d\x7b\xde"
	"\xbc\xee\xde\xf6\xf7\x9b\x4f\xf7\xbb\x97\xcf\x87\xdd\xee\xf9\xfe"
	"\xcf\xf5\xd3\xf6\xf3\xf3\xf3\x8f\x97\x3f\xbe\xef\x77\xff\xbf\xb9"
	"\x3f\x0c\xbe\x4e\x2e\xcf\x1f\x2f\x46\xc3\xb3\xe1\xfd\xe6\xec\xe1"
	"\x7c\x38\x1a\x4e\xc7\x5f\xcf\x2f\xc6\xa3\xf3\xf1\xe6\x61\x34\xf9"
	"\xba\xd9\x5c\x5c\x5e\x7c\x3d\xbf\xfc\x1d\x26\x1a\xf0\x2c\x62\x71"
	"\xc9\xf3\xa4\x90\xa5\xbc\x95\x8a\xa6\xe5\x82\x8a\x8c\x26\xe5\x75"
	"\xc0\xd3\xab\x9f\xb8\x94\x7e\x9c\x54\x2d\x06\x4f\xaf\x83\xed\xee"
	"\x30\x78\xdd\x1c\xda\xb8\x24\x66\x59\x5c\x86\x74\x56\xc4\x27\xb0"
	"\x16\x44\x92\xec\x7d\xac\x94\xa6\x09\x25\x8b\x77\x11\x65\x52\xcc"
	"\xde\x45\xca\x49\x4c\xf9\x2a\xa3\xa2\x8b\x59\xe1\xc5\x41\x50\x2e"
	"\xa9\x90\x8c\x67\x57\xc3\xba\x11\xda\x98\x2c\x83\x84\x64\x31\x70"
	"\xa6\x6e\xc4\x9f\x47\xdc\xd1\x68\x38\x1c\x8e\xac\x0e\x73\x02\x8c"
	"\x90\x69\x19\x73\xc5\x9b\x4e\x4c\x5c\x97\x2b\x2e\x16\x4d\xcb\xac"
	"\x60\x49\xa8\x58\x4a\x4b\x7a\xa3\xc8\x2c\xa1\xa5\xe4\x42\x35\x70"
	"\x35\x17\x94\x84\x25\xcb\x22\x0e\xff\x2b\x15\x91\xd8\x59\xcb\x5a"
	"\xac\x65\xf7\x19\xa7\xff\xf6\xbd\xd9\x54\x96\x31\x55\xd2\x6c\x59"
	"\x12\x11\x97\x09\x4b\x99\xba\x9a\x8c\x1b\x4e\xc0\xf6\xe6\x0c\x86"
	"\x51\x54\x2a\x0f\x03\x12\x1e\x90\xa4\x5e\xd5\x2f\x7f\x14\xdb\x87"
	"\xcd\xe3\xd3\x76\xf3\xf0\x4b\x43\xc1\x46\x29\x49\xa1\xb8\x87\x8c"
	"\x5e\x56\x29\x49\xa2\xae\x7e\xf9\xa5\x6e\x9c\x93\x25\xad\x45\x28"
	"\xbe\x63\x79\xb3\x4a\x1b\x92\xdc\x4d\x1b\x80\x8b\x7d\x9c\x42\x83"
	"\xea\x19\x3b\xa4\x11\x29\x12\x55\xce\xb9\x54\x19\x49\xe9\xd5\x2f"
	"\xbf\x6d\x77\xdb\xcd\xef\xc7\x79\xc8\x15\x71\xa8\x81\x70\x2f\x59"
	"\x1e\x78\x05\x27\xe7\x92\xdd\x94\xe9\x75\x41\x0b\xea\x19\x2b\x10"
	"\x5c\xca\x12\x84\x94\x8b\xdb\x92\x28\x45\x82\xb9\x4d\xb9\x90\x34"
	"\x61\x33\x4f\x3f\x52\x80\x86\x69\xad\x9f\x88\x60\x6e\x00\x30\x21"
	"\x60\x71\x62\x53\xb2\xdb\x6d\x7a\x5a\x12\x40\xac\x06\xaf\x6f\x5f"
	"\x5f\x7f\xbe\x1e\x36\x2f\x8d\x24\xc4\x14\x44\x9d\x05\x5a\xea\x72"
	"\xc1\x67\xb4\x19\xd0\x06\xc9\x39\x5f\xf5\x43\xca\x84\x2e\x69\xe2"
	"\x87\xd3\x28\xa2\x81\x62\x38\xf7\x28\x2a\x53\x23\x9b\x1e\xbc\x94"
	"\xc5\x82\x28\x94\x28\x6b\xc5\x22\x04\x10\x1c\xdc\x55\x29\xa8\xa4"
	"\x59\xe8\x9e\x92\x90\xa7\x84\x65\xbe\xb6\x72\xce\xa8\x40\x5e\xdd"
	"\x76\x07\x4b\x25\x43\xcc\x5e\x40\x87\xec\x9c\x64\x21\x1c\x86\x8a"
	"\xb2\xd3\x15\xd1\x23\x2e\x02\x1a\x56\x87\x90\xd9\xc7\x5f\xe6\x44"
	"\x48\xea\x1f\x4c\x2f\x19\x24\x90\x55\xe4\x45\x83\xa2\xf7\x38\x80"
	"\x13\xb4\x90\xbc\x00\xda\x65\x48\x14\xe9\x52\xd0\x0a\x61\xd9\x88"
	"\x41\x0b\xac\x09\xc0\xb6\x64\x4a\xb6\x48\xa3\xda\x51\x2c\x58\x94"
	"\x33\xc1\x49\x18\x10\xa9\x4e\xf6\x76\xd0\xb4\x28\xa9\xa7\x17\xb0"
	"\x47\x3e\x69\xd2\x64\x79\x46\x41\x28\x2c\xa2\x19\x2f\xe7\x77\xa8"
	"\x54\x52\xbd\xbb\x47\x79\x85\xc6\x1c\x46\xe3\x21\x0b\x3c\xe2\x6f"
	"\x7a\x31\xe0\x8d\xdd\xc7\xb4\x46\x85\x2b\xe1\x36\xd0\xda\x38\x16"
	"\xcf\x51\x70\x34\xab\x84\xb4\xc9\xe4\x82\xd2\x34\x57\xd0\x23\xa3"
	"\xfe\x33\x5d\x21\x2c\x79\x52\x64\x8a\x88\x5b\xcf\x70\x15\x4e\x33"
	"\x60\xdd\x29\xe0\xd0\xa7\xe6\x56\x90\x17\x9f\xd5\xfa\xf5\xaf\xc1"
	"\x01\xd8\x36\x00\x8b\x3d\x78\x3d\xac\x0f\xaf\x83\xf5\xfd\xfd\xee"
	"\x6d\x7b\x78\xda\x7e\x6b\xf1\x0f\x3a\x94\x24\xd0\x34\x8c\x38\x1d"
	"\x27\xb5\x64\x42\xb5\xc0\xb8\x63\x9e\xa9\xa1\x78\x69\x01\x71\x08"
	"\xd5\x72\x19\xcc\x41\x60\x57\xa8\x78\x5d\xed\x62\x00\x64\x19\x57"
	"\x32\x7b\x1c\x78\x26\x43\xd4\x0e\x01\x05\x45\x06\x14\x7d\x46\x01"
	"\xad\x8e\x54\x44\x39\x6c\xc6\x46\xd0\xb5\x09\xb9\x3d\xd5\xad\xbc"
	"\x41\xa0\x65\xcf\xb0\x8d\x71\xef\xdc\x73\xc9\x9c\x7d\x84\x33\x5b"
	"\xeb\xf2\x90\x49\x34\x8e\xa1\x6f\xa7\x00\x2d\x52\x82\x04\x96\x7a"
	"\x43\x3e\x32\xc9\x93\x5a\xe9\xe8\xcd\x12\x41\x31\x90\x5d\xb9\xae"
	"\x37\x16\xc0\x0d\x01\xf8\x01\x06\x19\x24\xd8\x9a\xba\x74\x30\x14"
	"\x74\x6b\x37\x21\x9b\xba\x74\x80\x73\x49\xd2\x1c\x11\x0b\x92\x51"
	"\xd8\x12\x49\xe3\x60\x96\x30\xfb\xa4\x22\x2c\x22\x19\x2f\xd4\xd5"
	"\xd9\xb4\xdb\x08\x2a\x99\x44\x57\xa3\x33\x17\x22\xd5\xf1\x8c\x1c"
	"\x59\x88\x90\x19\xe7\x5e\x4b\xaf\x27\xc0\x83\x19\x32\xab\xe5\x8f"
	"\x94\x33\x96\x8d\x03\x4b\x15\x2e\xcc\x1f\xdd\x16\x2d\x39\x76\xf3"
	"\x1c\x14\xa5\x39\x8f\x47\x6f\x01\x89\x46\x60\x4b\x58\xa4\xae\x46"
	"\xe7\xb6\x27\x92\xc1\x16\xd1\x32\x02\xd7\x6c\x0e\x9a\x05\x0c\xb6"
	"\x02\x37\x2d\xf6\x7a\x25\x66\x4f\x53\x72\xe3\x12\x3b\xce\x82\x65"
	"\x6a\x01\xfe\x46\x44\xdb\x03\x4e\xda\xea\xcf\x1c\x04\xad\x04\x6b"
	"\xc9\x90\xf7\x7f\x6e\x1e\xde\xc0\x6d\x1f\x3c\x6e\xd6\x87\xb7\xfd"
	"\xe6\xd5\x9c\xee\xca\x88\x83\xab\x97\xe6\x7a\x77\x7d\x96\x1c\xd5"
	"\xae\x2c\xf2\x1c\xdc\x36\x59\x66\x45\x4a\xca\x19\x01\xdf\x30\x70"
	"\x44\xdb\xc5\x82\xc9\x8e\xc6\x17\x96\xb8\xc6\x82\x17\xb9\xc5\x34"
	"\x74\x54\x8d\xa6\xb1\x8d\x07\xb8\x19\x41\xdc\xfa\x59\x3b\x33\x9d"
	"\x36\x70\x01\xf5\x89\x69\xc3\xd0\xa3\xb6\xb6\x3b\x59\x54\xa3\xdb"
	"\x62\xa3\xbd\x63\x0b\xe6\x73\x7c\x34\xa0\x5c\x09\xa6\xe8\x8c\x04"
	"\x8b\xf6\x62\x0c\x9b\x9b\xd6\x88\x30\x51\xba\x90\x46\x10\x22\x30"
	"\x44\x60\x29\x57\x2c\x54\x73\xaf\xc6\x06\xd5\x68\xf5\xf5\xa2\x54"
	"\xc3\xe6\x2c\x94\xa7\xe0\x22\x4c\x49\xff\x72\x22\x38\xd4\x77\x36"
	"\xcb\x41\xe8\x24\xb5\xad\x2c\xca\x3b\x0e\x52\x41\x9c\x65\x18\x1a"
	"\x21\x5d\xb2\x80\xf6\x8f\x01\x1d\x2b\x95\xd8\x99\x3b\x15\x51\x7f"
	"\xbf\x59\x1e\x79\x47\xf3\x07\x32\x92\x07\x8b\x23\x8e\xe3\x63\x54"
	"\xf2\xcf\x05\x48\x98\xb2\x9c\x0b\x74\x95\xc1\xab\x01\x3b\xd0\xb4"
	"\x15\x28\xd2\xb2\xe5\xd1\x0a\x68\xf2\xdb\x55\x60\x8b\x0b\xaa\x49"
	"\x53\xd5\x22\x03\x73\x08\x16\x39\x87\x83\x80\x46\x5c\xc1\x64\x7c"
	"\x6b\x30\x26\x0b\x22\x8c\x5a\x42\x1d\x80\x2a\x32\xda\x72\xe3\x41"
	"\x90\x42\x0a\x0a\x3d\x20\xaa\x47\x4c\x04\x1a\x2c\x5f\xc0\x92\xa0"
	"\x31\x5b\xea\xe8\x49\xd8\xbe\x28\xfe\x26\x29\x10\x36\x0e\x9b\x15"
	"\xce\x88\xb0\x13\x97\x40\xd3\x0c\x9a\xc6\xfe\xa1\x43\x08\x58\x5c"
	"\xe9\xb3\x61\x37\x77\xfd\xbd\x78\x3f\xc8\x17\x01\x41\xfc\xc9\x73"
	"\x70\x11\xd8\x1d\x45\x17\x56\x0b\x16\x17\x29\x28\x25\x87\x61\x6d"
	"\x34\x09\x7f\xf8\xb6\x01\xdc\x50\x5b\x50\xb4\x3b\x51\xb0\x70\x74"
	"\x66\xed\x88\xc6\x01\x93\x19\xd0\x1c\x6d\x6e\xd9\x32\xc8\x46\x78"
	"\xab\x1f\x6d\xc3\xda\xa2\xa5\x5d\x67\x94\x33\x67\x73\x63\xaa\x30"
	"\xc0\x28\x3d\x31\x90\xb3\xff\x9e\xd8\xa9\x9a\x9c\xa7\xe7\x11\x25"
	"\x32\x9e\xba\xcf\xbd\xd0\x01\xe0\xd1\xcb\x74\x0c\x4e\xfb\x77\x99"
	"\xa5\xcc\x36\xa5\x96\xb2\xa6\x49\xa4\xcf\x9c\x05\x26\x10\x3f\xa0"
	"\xb3\x6b\x29\xc9\x42\xd1\x9b\xd6\x4f\x38\x55\x16\x95\x9c\xdb\xf8"
	"\x92\xc5\x19\x49\x22\x4b\x5c\xf5\x3c\xed\x06\xed\xe7\xdb\x0d\x72"
	"\xee\x18\x00\xc2\xac\xf4\x04\x09\x97\x0c\x26\x55\x31\x4a\x3a\xa6"
	"\x63\x46\x84\x60\xb6\x6a\x5c\x20\xca\x6d\x2a\xbb\x2d\xa5\x13\xb4"
	"\x1c\x5b\xf5\x82\xf1\xfc\x61\xc4\xe8\x88\x46\xd9\x89\x74\xb0\xf1"
	"\x3f\x4c\x01\xa5\x15\xb9\x95\xa5\x1b\x5b\xa0\x6c\x68\xb7\x30\x0a"
	"\xfb\x0c\x32\xc6\x41\xcd\xa4\x81\x7e\x16\xb4\xd8\x0f\xd1\xdb\x75"
	"\xd7\xe6\x61\xab\x87\x26\x50\xa2\x61\x68\xdb\x33\x7d\x08\xf0\x5c"
	"\x95\xc7\x38\xac\xd1\x83\xc1\x68\x38\xed\x04\xe9\x55\xda\x30\xdf"
	"\xec\x1f\x77\xfb\x97\xf5\xf6\x7e\x33\xa0\x3f\x36\x5b\x88\x16\x08"
	"\xc4\x0d\x01\xc6\x0b\x10\x79\x59\x7e\x69\x0f\x71\x6c\xd6\x5a\x58"
	"\x42\x0c\xed\x0f\x70\xcc\x5a\x6a\xcc\x72\x99\x02\x6f\xb9\x2f\x0e"
	"\x5b\xa6\x66\x84\xda\xd7\xb0\x36\xb3\x49\xa8\x39\x47\x09\x5b\x2b"
	"\x27\x43\x1f\x37\x9e\xf9\xad\x2d\x4f\x73\xa2\x20\xbc\xf4\x27\x0a"
	"\x65\x42\x7c\x59\x11\xa4\xee\x8e\xc6\xfd\x68\x04\x27\x21\xc0\x47"
	"\xaa\xe2\x03\x7b\xda\x00\x43\x33\x8e\x1e\x75\x29\xe0\x54\xf3\xb4"
	"\x0f\x8a\x39\x08\x70\x0a\xc3\xd6\xa2\xd1\xd1\x84\xe8\x5e\x31\x92"
	"\x38\x0a\x0e\x13\xa0\x68\x4a\x31\xe9\xc7\x22\x16\xb4\x32\x1a\xe0"
	"\x19\x44\x2c\x71\xbc\x3e\xad\x04\xb5\x95\x73\xe2\xf4\xf4\xcc\xca"
	"\x70\x9d\x4d\x67\x76\x26\x28\x4d\x8b\x16\xaa\x71\x06\x2b\x6f\x76"
	"\xec\x82\xe0\x87\xaa\x40\x53\x47\xfe\xd3\x14\x3c\x40\x91\xa1\x27"
	"\x0f\x26\x3c\x65\xd9\xd5\xe8\xe2\x14\x02\xb9\xb9\x1a\xf7\x50\xa8"
	"\xb7\xf2\x48\x68\xf4\x01\x3c\xa0\xd7\xc4\x27\x10\x96\x30\x8e\x9e"
	"\x2f\xb4\xdb\x56\x5c\x81\xdf\xa8\x59\x54\x7b\xc6\x96\xd9\x4d\x12"
	"\x1a\x93\xa4\xd4\xcc\x03\x59\x5f\x92\xa4\xa0\x57\xc3\x7f\x1e\x36"
	"\xeb\x87\xa1\xf5\x9f\x95\xb6\x5c\x80\xe5\xef\x12\x32\xf4\x21\xe4"
	"\x8d\x12\x12\xcb\x2e\x5c\xac\x24\x6c\xeb\x4d\x30\x8f\x49\x08\xbe"
	"\x46\x12\x73\xf0\x68\xe7\x69\x37\x6b\xe2\x68\x73\xab\xf1\xa8\xd1"
	"\xea\xb9\xca\x2e\xda\x7c\x45\x59\x3c\xf7\xa5\x62\x64\xe1\x19\x0a"
	"\x54\x21\x9b\x09\x70\x61\x4c\x78\x6d\x9f\x88\x3b\x9e\x41\x6b\x4a"
	"\x26\x63\xcf\xb9\xd0\x3a\xa9\x26\x12\x3b\x0e\x53\x9a\x77\x72\xaa"
	"\x29\x0f\x29\x78\x66\xb6\x08\x47\x60\xe9\x28\x11\xc9\x2d\xfc\x2e"
	"\x1d\x33\x91\xc7\x26\x39\xad\x93\x81\xf2\x6a\xe2\x8f\x6b\x0a\x9d"
	"\x65\x6c\xe7\xa4\xb4\xcb\xbc\xd0\x0e\x27\xd8\xb3\x63\xee\x24\x7f"
	"\x5e\x1f\x50\x13\xc2\x0a\x9e\x37\xf7\xd5\x25\x4a\x93\xef\xd4\xc9"
	"\xd0\x00\x8f\x98\xdf\xd9\xac\x46\xce\x6e\x58\x3f\x98\x24\x39\xeb"
	"\xc9\x01\x69\xf8\x2c\x48\xc7\x17\x93\x2f\x27\x11\x4a\x86\xf3\x3f"
	"\x81\x42\x05\x1c\xfa\x13\x70\x11\xa4\x52\xcd\xfa\x11\xe8\xcd\x6d"
	"\xc6\x4f\xac\x71\x31\xe9\x87\x81\x74\x80\xc0\x05\x24\x3f\xb1\xc8"
	"\x24\x1e\x2d\xfa\xa1\x73\x26\x4f\x30\x30\xa5\x21\x03\x39\x5c\x9c"
	"\xc2\x90\xfc\xc4\xea\xd3\x25\x58\x90\x3e\x23\xdd\xbe\x6a\x32\xcb"
	"\xe5\x19\x39\xb1\x18\xa6\xf8\x29\x76\xc4\x9c\x67\x7d\xc3\xcd\x68"
	"\x16\xdb\x2a\xdd\x48\x50\x50\xcc\x48\x67\x12\x32\x4c\xcf\xce\x86"
	"\xfd\x03\x09\x4a\x92\x93\x6c\x01\x91\x59\x04\x73\x96\x9f\x10\x5d"
	"\x4a\x94\x4a\x4e\xec\x1b\xf8\x2c\xd7\x10\x29\x52\x71\x6a\x1a\x19"
	"\x95\xe4\xd4\xf9\x50\x98\x77\xbf\x19\x9d\x58\x8a\xa2\xb1\x38\xc1"
	"\x70\x99\x8b\xf0\x44\xe7\x79\x91\x85\xa7\x66\x58\x21\x8c\xfb\x31"
	"\x8a\x8c\xe5\x98\xd1\xef\xc7\x58\x42\xbc\x00\x41\xe2\x89\x65\xde"
	"\xa0\xd2\xeb\x07\xdf\xdd\x9c\x80\x01\x97\xd3\xbc\xe3\xac\xcd\xde"
	"\x30\x07\xfe\xfd\xfb\x6e\x7f\xb0\xb5\x52\x1e\xb0\x0e\x2a\xb6\xd1"
	"\xed\xc3\xf7\xdd\xd3\xb6\x8d\x5b\xd2\x2c\xd4\x56\xa1\xcf\x19\x8c"
	"\x9a\x74\x93\x6e\x06\xab\x3e\xd8\xec\xf7\xeb\xc3\x7a\xf0\xf7\x6e"
	"\xff\xd7\x7a\x0f\x5e\xe1\xc3\xeb\xe0\xc7\xd3\x7a\x70\xf8\x73\x33"
	"\x58\x3f\x83\x8b\xb8\x5d\x1f\x9e\x7e\x6c\x5e\x07\x8f\xfb\xf5\xcb"
	"\x06\xb1\x1a\x97\xd1\x38\x05\x54\xc0\xa6\x17\x69\x79\x31\x3e\x9b"
	"\x8c\x2e\xdb\xde\x44\x03\x3d\x3f\x09\x9d\x0e\xcf\xfa\xa1\xa3\xcb"
	"\xe9\xf9\xb8\x17\x3a\x19\x0f\xcf\xbf\xf4\x42\xa7\x5f\xce\x4f\x8c"
	"\x3b\x9d\x4c\xfb\xa1\xa3\xe1\x78\x7a\x3e\xba\xe8\x05\x8f\x2e\x2e"
	"\x2e\xce\x27\xbd\xe0\xe9\xd9\x64\x3c\xee\x9d\xd8\xe8\xcb\x74\x3c"
	"\x3d\x41\x5c\x83\xad\xa9\x05\x64\xc9\xa0\xbd\x86\x8f\xc7\x13\x7b"
	"\xd1\x6d\xe8\x04\xfa\xf7\x43\xcf\xa7\x5f\xce\x7a\xa1\x93\xe1\x68"
	"\x64\x51\x46\xad\x59\x46\x24\x59\x40\xc4\xde\x30\x66\x38\x79\x17"
	"\xe3\xb2\x85\x71\x1d\x46\xb0\xcb\xc3\x23\xca\x70\x78\x66\x0d\x23"
	"\x79\x00\xb6\x17\xec\x75\xa3\x88\x30\x55\xce\x6c\x57\x16\x8d\x47"
	"\xc2\xd0\x59\x38\x0e\x73\x36\x3a\x1b\x0e\x2f\x86\xe3\xd3\xb3\xa1"
	"\x10\x20\x8d\xda\x9c\x9e\x2e\xb4\xab\x2b\x5d\x6d\x8c\x90\xd1\x59"
	"\x05\xea\x39\xc7\x88\x73\x36\xf5\xe0\x38\x18\x4b\x62\x9c\xd3\xc9"
	"\x65\x77\x84\x1a\x36\xbd\x78\xaf\xfb\xd5\xe4\xb2\xed\x9e\xd7\x5d"
	"\xbb\x8e\xbb\xe9\x31\xbd\xb0\x02\x23\x08\x2e\x66\x18\x51\x66\x60"
	"\x59\xb3\xde\xa4\x57\x1a\x38\x71\x90\x6e\x93\xa9\x2f\x8d\x9f\x09"
	"\x9d\x8a\xbc\x3a\xba\xf7\x55\x16\xdd\x4d\xeb\x1b\x4f\x43\x67\x84"
	"\xeb\xdb\xea\x0a\xef\x3d\x1c\x01\x7f\xd9\xe1\xba\xc6\x82\x41\xe3"
	"\x9c\x71\x88\x47\x2e\x86\xd6\xfd\x5d\xe1\xcd\xad\xce\x79\x42\x31"
	"\xe7\xad\x9d\xd7\xd6\x1d\x21\x88\xa5\xaf\xc7\x5d\x39\xfe\x32\x6c"
	"\xa1\x4e\x86\x7e\x2b\x66\xa8\xf8\xc9\x5c\x01\x19\x97\xb1\x73\x81"
	"\xf7\x70\x7d\x89\xf9\x2a\x70\x06\x31\xd2\x11\xb3\xe7\x72\xd5\x2c"
	"\xc6\xb0\x07\x3d\xe8\x8e\x3f\xa1\xef\x85\x01\x5e\x71\xb2\x17\xdc"
	"\x89\x5c\x2b\xaf\x20\xa1\x81\xaa\xd9\xef\x1b\x00\xe2\x18\xe5\x23"
	"\xdf\x94\x10\xe4\x51\x86\xf1\x12\xb3\xb3\x15\xab\x56\x3a\xa1\x89"
	"\x6a\x9b\xc5\xcf\x8b\x98\xaa\x64\x16\xb5\xfd\xf7\x15\x81\x20\x13"
	"\x81\x65\x9e\x86\x26\xeb\xe0\x61\x4c\x40\x80\xbf\xe0\x9f\x41\x7c"
	"\x82\x79\xc4\xf6\x59\x80\x98\x45\xe7\x22\x18\xf7\x44\xb8\x08\xd4"
	"\x00\xf0\xd8\x59\x9c\xa5\x30\xc9\xab\x4b\xa7\x98\x06\x2f\x30\xe7"
	"\x24\xe4\x2b\x0c\x8e\x12\x13\x3a\x5a\xcb\xa0\x01\x46\x9f\x4e\x9a"
	"\x84\x08\x82\x57\xaa\xfe\x44\x75\x05\x6c\x5f\xa3\x7a\x91\x17\xf4"
	"\x86\xfa\xfd\xff\x40\x10\x39\x2f\xc3\x22\xf5\xbb\x79\x37\xd4\xef"
	"\x18\xf3\x45\x32\x85\xf0\xcc\x5f\x7f\xa3\x2b\x0e\xf4\x3d\x17\x9e"
	"\x16\x2e\xc0\x79\xb2\x22\xee\x22\xc3\x68\xbb\x0a\xe0\x20\xd8\xa6"
	"\xc9\xd0\x2d\xa9\xa0\x19\x04\x1c\x24\xd3\x51\x17\xf8\xee\x81\xe2"
	"\xa2\x83\x40\x93\x31\xf8\x54\x08\xf2\xa8\x5a\x29\x67\x61\xcf\xa5"
	"\x39\x26\xeb\x97\x58\x8f\x45\x6e\x79\xa1\x7a\xf5\xa4\x22\x71\x8c"
	"\x69\xfb\x30\x14\x25\x99\x39\x37\xba\x55\x8a\x60\x19\x4a\xee\xef"
	"\xbe\xbc\xb0\xf2\xf7\xd6\xfe\xae\xf2\x92\xa6\x45\xd2\xca\xb8\x04"
	"\xf9\xe8\x4b\x59\xa7\xf8\x3c\x70\x49\x15\xa8\x59\x1f\xa4\x5a\xeb"
	"\xaa\x54\x6a\x26\x86\x20\x0f\xc7\x4b\x62\x80\xfc\xb8\xf8\x34\x1a"
	"\xac\xf7\xf7\x7f\x3e\x1d\x20\x2e\x7d\xc3\x12\x2b\xeb\x5a\xd0\xa1"
	"\x00\xe7\x8a\x44\xe1\x2c\xed\x6a\xfe\xac\xcb\xda\x04\xc4\x9f\x28"
	"\x9e\xb2\xe0\x94\x1d\x5b\xce\x69\xc7\x5b\x34\x93\x1a\x7f\x70\x52"
	"\x05\xe1\xdd\xc1\x73\xd8\xb8\xde\x2d\x03\x39\xc6\xf2\xb3\x2e\x83"
	"\x96\x9d\x73\x0c\x2a\xa9\x00\xfb\x90\x27\xb6\x1a\x11\x14\x6b\xc2"
	"\x94\xab\x90\x4c\xee\x0d\xef\x16\x30\xf1\xeb\x6b\xaf\x68\x09\x1a"
	"\xe3\x8d\x41\x95\x0a\x37\xee\xf7\x0e\xa6\xb9\xfb\x8e\x49\x01\x6b"
	"\x79\x41\x1a\xa2\x7e\xb1\xae\x60\x68\xc4\x40\x17\xe8\xa4\x61\xd3"
	"\xd2\xfc\x08\x53\x47\xfc\xcc\xdd\xb6\x59\x07\xc9\x73\x90\x0d\x90"
	"\xd3\x50\xcd\x4a\x96\x82\xc6\xef\xad\x62\x33\x1d\xaa\x43\x87\x22"
	"\x8c\xc1\x08\xce\xb8\x7d\xfb\x63\xa3\x17\x59\x8d\x09\x63\x98\xbe"
	"\x7e\xed\x22\x6e\x39\x6c\x4e\xa1\xcb\x02\x89\x00\x45\xe4\x3f\x7e"
	"\x36\xed\x50\x95\x60\x92\x85\xff\x22\xcb\x9c\x31\x2b\xdb\xa3\x73"
	"\xc5\x73\x9a\xe4\x26\x35\x65\x62\x96\xdd\xdf\x9b\xfd\xe0\x65\xbd"
	"\x5d\x7f\xdb\xbc\x6c\xb6\x1e\x5e\xcb\x42\xe6\x4e\x51\x56\xd5\x60"
	"\x5d\x91\x36\xee\x49\x05\x92\x0b\x96\xeb\x54\xbb\xdf\x4e\xb3\x19"
	"\xb0\x41\x1f\x44\xdf\x35\x4b\x5a\xca\x84\x52\x2b\x4d\x55\xb7\x54"
	"\xc9\xab\x46\x11\xa5\xfa\x4a\x50\xc3\xfc\x84\x56\x64\x41\x75\x89"
	"\x95\x43\xec\xd8\x5a\x15\x45\x0e\x1d\x92\x0d\x34\x0e\xbc\x54\x5b"
	"\x53\xe8\xbb\x77\x05\x50\x90\x2c\x9c\x81\xeb\x8c\x9c\x29\x32\x73"
	"\x74\xee\xea\xba\xcc\xf9\x0a\xb5\x57\x14\xb1\x80\x61\x26\xbe\xf2"
	"\x0b\xfc\xa4\x5b\xa4\x3c\x2c\x6b\x63\xf0\xc8\xad\x8a\xc9\x2d\x5d"
	"\x85\xa8\xb1\xdf\xcb\xb0\x36\x0b\x6f\xc0\x24\xf3\xb8\x32\xd5\xae"
	"\x5b\xe0\xba\x26\xaa\x92\xaf\xf4\x28\x5f\xc7\xf2\x68\x80\xb1\x87"
	"\xe7\x8d\x75\xa6\xb1\x52\x27\x4c\xda\xb5\x3b\x58\x94\xa7\xef\x01"
	"\x73\xac\xce\x13\x6c\xd9\xaa\xf1\x3a\x22\xc5\x7c\x59\x26\x60\x6b"
	"\xdc\x04\x82\x0f\x0b\xbc\x0a\xcb\xf1\x80\x33\xa4\x21\x58\xd6\x44"
	"\xa5\xa5\xfd\x8f\x73\x1c\x84\xfb\xa7\x1f\xce\x8d\x0c\x40\x91\x64"
	"\x35\xdd\xe3\x82\xa2\xfd\xe6\xbf\x6f\x9b\xed\xfd\xcf\xc1\xeb\xfd"
	"\xfa\xd9\xa9\xf9\xc2\x09\xc0\x81\xb9\x76\x57\x87\x2d\x7a\x4a\x44"
	"\x29\x51\x9a\x2a\x02\x1f\xb8\x5d\x32\x74\x04\xe2\xa4\x3d\xcd\xe8"
	"\xcd\x48\x4f\x7b\x5d\x44\x85\x34\xfb\xae\x82\xbd\xb8\x28\x9a\x12"
	"\x7c\x2f\xbf\xf7\xe3\xeb\x82\xca\x46\x17\x11\x7c\xbc\x0b\x07\x35"
	"\x0c\xf3\x09\x3f\xde\x03\x0b\x87\xa8\x58\xea\xac\xfb\xc7\x7b\x69"
	"\xff\xbf\x50\x2c\xe9\x11\x94\x23\xdb\x5d\x16\x79\x31\x6a\xc6\xf4"
	"\xc0\x8f\x5c\xe8\x81\xd7\x4b\xee\xdd\xf7\x66\x7d\x2e\x8a\xae\xe5"
	"\xea\xe9\x75\x5c\x9f\x2d\x9b\x8f\x6d\xd9\x1c\x3c\x1c\xa5\xda\x66"
	"\x97\xe1\x96\xea\xe3\xa6\x01\x17\x69\x7a\xdb\xe7\xb9\xe8\xa0\x36"
	"\x61\x98\xd2\xac\x3b\xf4\xa2\xea\x8c\x40\x4d\x15\x0d\xa0\xdf\x31"
	"\x71\xf1\xe6\xab\x96\x53\xd3\x06\x9f\xa8\xfe\x3f\xf2\x29\x95\xa9"
	"\x17\xe1\x9a\x0b\x76\xed\x9b\xb7\x66\x53\xf4\xb4\x7f\xf9\x7b\xbd"
	"\xef\xd1\x08\xb9\x0c\x58\x19\x75\x66\xa7\x9b\x75\x99\x4b\x6f\x6e"
	"\x13\x0c\x5c\x90\x32\xbc\x1f\x51\x3c\xe0\xc9\x09\xac\xfc\x23\x58"
	"\x21\x2d\xf5\x05\x54\xd4\x77\xfc\x22\x26\xd2\x15\x44\x6f\x18\x5e"
	"\x42\x1c\xe1\x2b\x9d\x4f\x19\x73\x4a\xb3\xa0\xc1\x5c\xf4\x7a\x90"
	"\x35\xff\x61\x05\xad\x54\x0f\xb4\x94\xfa\x82\xb3\xe1\x6e\xdd\x0c"
	"\xf1\x5b\x96\x70\x12\x9a\xbb\xa7\x7e\x4b\x57\xc5\xb2\xd0\x29\x0d"
	"\x02\x27\x13\x12\x73\x1e\x63\xc9\x60\xb5\x92\xce\x56\x81\xfb\x37"
	"\xf8\x8d\xfe\x73\xd8\x6c\x5f\x9f\xbe\x82\x0e\x3f\x6e\x1d\xc3\xdb"
	"\xf5\xc7\xf5\xfd\xe6\xf7\x81\xec\xe6\x75\xd1\x8f\x5c\x42\x64\xee"
	"\xbb\xfa\x07\x10\x95\xf6\x95\x21\xb6\x60\x04\x99\x4a\x10\x2a\xcc"
	"\x6d\x85\x2d\xa0\xc0\x68\x12\x02\xcb\x95\x40\x2f\xd3\xbe\x10\x44"
	"\x28\xac\xab\xe3\xb2\xd6\x8d\xda\x1b\x45\x0e\xb9\x0e\x16\x62\x04"
	"\x24\x97\xe8\x2d\x1b\xa8\x77\x7f\x11\xad\xfd\xac\xc3\x2a\x7c\x02"
	"\x43\x63\x9e\x28\x2c\x4a\xf0\x7f\x58\xdc\x71\xc5\x4c\x01\xf8\xe6"
	"\xdb\x7e\x3d\x78\xac\xf9\x66\xd4\x45\x23\xf1\x70\x82\x4a\x75\x87"
	"\x45\x96\x7d\x39\x14\x12\xe4\xac\x5d\xd8\x5c\x40\x5c\x7f\xd7\xe7"
	"\xfa\x55\x57\xd9\xe2\x36\xb7\x9f\xca\x98\xdf\x18\xf5\x8f\xbf\x9c"
	"\x1d\x2f\xcd\xad\xd8\xbb\x06\x7f\x19\x8d\x0d\xd8\xfb\x3c\xa3\xc6"
	"\x1a\xd5\xc3\x50\xef\x10\x36\xf4\xd4\x18\x65\x9f\x65\x3b\xa2\x4e"
	"\xba\x93\xe9\x60\xa5\x93\x8f\x51\x4b\xa7\x5e\x3c\x17\x2b\x9e\x63"
	"\x16\xe2\xc4\xfc\x03\x11\x4c\xc6\x1f\x20\x44\xa8\x6c\x17\x27\xb4"
	"\x21\x3e\xf6\xd9\xc0\x32\xb0\xd5\x81\x0f\x61\x66\x3b\xc7\x1d\x04"
	"\xbc\x8e\xae\x50\x3a\xab\x98\x13\xf8\x37\x1e\x6a\x9c\x53\x5c\x6b"
	"\xa8\xcd\x64\x47\xba\xeb\x37\x53\x56\x24\xbd\xf9\xe3\x61\xf3\x7d"
	"\xb3\x7d\x70\xc3\xa0\x26\x40\x33\x77\xda\xde\x11\xff\x53\xa4\x39"
	"\x78\x9f\x33\xea\xf3\x29\x3a\x97\xe1\x5a\xab\x35\x8e\x7e\x91\xe9"
	"\x64\x17\xa6\x4a\x02\x2c\xbe\x6f\xbf\x86\xf2\x76\x5f\x08\xaa\xbc"
	"\x00\xa7\xf2\xac\xc9\x05\xea\xf2\x87\x39\xe7\x8b\x16\x10\x33\x6e"
	"\x58\x3c\xc2\xe2\x82\x17\x9e\x8a\x05\x88\xb9\x8c\x7f\x6c\x9e\xbe"
	"\x78\xde\xb8\x20\x10\xab\xd1\xd0\x7f\xb5\x4b\x0d\x8e\x09\x41\xf0"
	"\xa1\x14\x8b\x6e\xeb\xba\xc9\x2e\x02\xea\x23\x93\xe8\xf4\xce\xdc"
	"\x3c\x7c\x93\x4a\x14\x81\x2a\x57\x73\xa6\xa8\x5b\x24\xaf\x51\x05"
	"\x8d\x61\xb7\x31\xf6\xd4\x7a\xcd\x70\x12\x82\xfb\x36\x33\xaa\x6a"
	"\x2f\xbb\xc9\x09\xd3\x74\x0b\xf8\x10\x33\x18\xd4\xd4\xa5\xfa\x4a"
	"\xbd\x70\x34\x5f\xbb\x29\xc7\xd2\x33\xc0\x6c\xa0\x6f\x39\x8d\xa8"
	"\xb4\x67\x16\x14\xa5\xa9\xad\xc0\xc8\xba\xc3\x26\xb3\xb5\xa6\xb2"
	"\x3d\x48\x73\x2c\x54\x69\x93\xaf\xa4\xa8\xe2\x14\x26\xaf\xdb\x2b"
	"\x35\xfd\xcc\xc3\xbd\x1e\x58\xc8\x8b\x6e\x88\xa7\x33\xbf\x55\xd2"
	"\x8e\xe5\x41\x69\xde\x3c\xd5\xaf\x03\x3d\xab\xac\x12\xb1\x60\x9f"
	"\x13\xa7\x72\xbd\xaf\xdd\x24\x76\x91\x71\xe8\xde\x50\x37\x5d\x59"
	"\xbd\xa2\x74\xc1\xfa\x55\x4f\xab\x86\xc8\xd3\xb7\xd5\x09\x78\xc3"
	"\xfb\xcb\xf1\x13\x54\x2f\xee\xeb\x4e\x17\x41\xcd\x59\x96\xd8\xc6"
	"\x09\x7b\xb8\x13\x71\x3b\xf8\x72\xd5\x4d\xba\xa4\x0d\xec\xf3\x80"
	"\xf0\x80\xe2\x05\x1c\x1e\xe2\x85\x53\x58\xa6\xc1\x3d\x2f\x86\x5a"
	"\x58\x27\x5f\x0b\x39\x8a\x22\xc3\xcb\x09\x5a\xe5\xfa\x3d\x62\x64"
	"\x24\x12\xef\x01\x96\x4e\x1d\x97\x06\x82\x47\x57\xdf\x70\xd0\x00"
	"\xab\xe3\xac\x92\x36\x9d\xe6\x93\x3a\xfd\x8f\x65\xb0\x58\x30\xe5"
	"\x51\x07\x1a\x54\xe7\x06\x7d\x43\x3b\x25\x6b\x2d\x02\x2e\xac\xa9"
	"\x75\xf3\xf4\xb6\xea\xd4\xfa\x88\xd8\x28\x4d\xf2\x3d\x48\xb0\xf8"
	"\x0a\x1f\x3b\x80\xeb\x19\x5a\x9d\x39\x3e\x75\x65\x71\x95\x10\xb1"
	"\x2e\x62\x2b\x3a\x15\xdc\x54\x33\x75\xa0\x93\x31\x8c\xa3\xb7\xc8"
	"\xb7\x68\x64\x75\xfb\xba\xc3\xd7\xd6\x68\x55\x05\xea\x59\xd5\xe9"
	"\x4a\xb1\xba\xb1\x0f\x45\x2f\xa8\xdd\xbd\x4e\xcd\x7a\xba\xfb\x40"
	"\x82\x46\x5a\xb8\x5a\xf5\xcc\xd6\x9d\x14\x6c\x3a\x38\x21\x55\xa2"
	"\x18\x8b\xba\xec\xc7\x2e\x19\x18\x14\x30\xfc\x47\x2a\x54\x08\x2e"
	"\x3c\x93\x83\xee\xe2\xf8\xfa\x39\xe0\xcb\x3f\xcc\x9b\xfa\xbf\x4c"
	"\x31\xc5\xf7\xfd\xee\xf1\xc9\xcd\xbf\x1c\x7b\x22\x76\x55\xa1\x49"
	"\xdd\xf2\x64\x53\x34\x07\xba\x06\x2f\x43\x99\x3d\x2f\xac\x57\xc4"
	"\x0a\x6c\xdb\xd6\xea\x1a\x66\x89\xf5\xb4\xcd\xf3\xf0\x4a\xbe\xdb"
	"\x02\x5f\x5d\xe5\xa0\xbf\xde\x01\x15\x59\xd5\x7c\x54\x0a\x4e\x1f"
	"\x03\xf6\xa8\x05\xc0\xaa\xb4\xaf\xf4\x74\x96\x22\x38\x3e\xcb\xee"
	"\xa9\x73\xaf\x31\x59\x7c\x0a\x5c\xa7\xae\xbd\x38\x20\x05\x29\xcc"
	"\xb0\xd0\x89\x6d\x2c\xec\xf6\xcf\x53\x1f\x79\xfd\x48\x2e\x01\xf7"
	"\xc3\xf6\x10\x66\xd5\xd3\x2b\xeb\xe5\x85\x0c\x24\x84\x4d\xf4\x1a"
	"\x2f\xc5\x9c\x8c\x7a\xf5\x2a\x63\x26\xfd\xf3\xb5\xe0\xad\x77\xd6"
	"\x1d\x14\x0c\x8d\x63\xc1\xd4\xed\x49\x2c\xbc\x74\x0b\x4f\x62\x80"
	"\x5f\xc2\x95\x4a\xfa\x6e\x0b\xf5\xa3\x29\x73\x4f\x61\xcc\xa5\xe8"
	"\x79\x6c\xb2\x9a\x75\x56\x5a\x3d\xd7\x61\xf8\x6e\x91\x66\xc1\x6d"
	"\x7f\xcf\x52\x5e\xbb\x0c\xc4\xb6\xf4\xba\x4d\x10\xb7\x88\xe7\x24"
	"\xe9\x21\x04\x46\x0d\xa7\x09\x43\xa1\xe7\xec\xe8\x26\x2f\x18\xab"
	"\x38\x92\xea\xb1\x97\xb9\x46\x58\xef\x0f\x4f\xe8\x31\x0f\xd4\xcf"
	"\xef\xf6\x45\x94\x2e\x9f\xd6\x5d\x48\xb8\xc4\x44\x9a\x23\xeb\x24"
	"\xe0\x22\x6b\x70\xfc\x19\x0d\x76\xf3\x0e\x06\x97\xd1\x7b\x34\x52"
	"\x50\xba\xef\xe1\x28\x22\xd8\x3b\x38\x29\x09\xfc\x18\xc7\x98\x38"
	"\xe4\xb2\xc1\x68\x3f\xae\x0d\x99\x5c\x74\x82\x84\x86\x38\xcb\x60"
	"\xa9\xb2\x98\x9d\x9e\x03\x3e\x66\x15\x4c\x96\x37\x17\x67\xef\xcc"
	"\xb6\x00\x7a\x3a\xcb\x73\x7a\xdc\x24\x4c\xdf\x21\x24\xe3\xf7\x18"
	"\x53\x24\xa0\x0c\xde\xdb\x27\x59\xbc\xb7\xd7\x0b\x08\xd7\xc8\x49"
	"\x0e\x57\x29\x97\x2e\x7f\xf1\xd3\x0d\x67\x17\xef\xd0\xb7\xce\x63"
	"\xef\x08\x5a\x29\x35\x97\x67\xe6\xb3\x0a\xbc\x79\x19\x6a\x09\x37"
	"\xe3\xa6\x94\x24\xe3\xdc\xb9\x98\xaa\xdb\x43\x88\x5b\x92\x56\xdd"
	"\x71\x0b\x25\x88\xec\x2b\x81\xe8\xba\xac\x4f\x7e\xeb\xd5\x64\x9d"
	"\xbf\x36\xf8\xd6\xfb\x0e\xd3\x8c\x33\x38\xf1\x01\x8c\x9a\xdc\x2f"
	"\xf7\x8f\xff\x3d\x5e\x99\xa6\xd7\x9d\x89\x5a\xe6\xa9\x01\x2e\x6e"
	"\x67\xb6\xa7\x5e\x37\xcf\xec\x99\xcf\xfa\x67\x6e\x3e\xb8\x12\x51"
	"\xa2\x0a\x10\xc5\xe2\x86\x71\x4c\xda\xd9\xf1\x1b\x91\x99\x55\x02"
	"\x06\x52\x6b\xd4\x8d\xcc\x59\xa6\x0d\x60\x7f\x95\x8e\xb9\x44\x2f"
	"\x45\xba\xb2\x1f\x8d\xe1\x5b\x29\xdd\x19\xb4\x8e\xfe\xc8\x4b\xbb"
	"\xc8\xbf\x07\xa8\x37\xbe\x07\x66\x2a\x54\xc1\xe4\xeb\xef\x7f\x84"
	"\x1a\xad\x75\xb3\xd8\x0f\x69\x77\x16\x2b\x7f\xd7\x4e\xbb\x99\x6e"
	"\x2e\xf0\x99\xfc\xca\x5f\x6d\x53\x3d\x98\xaa\x53\x8c\x4e\x8a\x74"
	"\xc1\xca\x39\x0b\xb1\xd2\x23\xc4\x0b\x2b\xdd\xea\x37\xe5\x16\x2a"
	"\x84\xb6\xe8\x55\x7e\x10\xbb\xce\xc9\x7c\x0c\x5b\x6a\x97\xfa\xc3"
	"\xa8\x92\x07\x1f\x45\xc7\x22\xb4\x8f\xe2\x56\x79\xc8\x77\xd1\xf1"
	"\xe1\x49\x70\x5b\xae\x30\xf2\x02\x16\x1b\xc8\xbb\xf3\xc6\x57\xc1"
	"\xe9\xc7\xa7\x12\x52\x3e\x2b\xa2\xf1\x47\x3b\x14\x72\xf6\x61\x0e"
	"\x72\x7c\x96\x22\x3f\xce\xc1\xe2\xa3\xa8\x18\x49\xbe\x8b\x4a\xf0"
	"\x0a\x5d\xe1\x61\xbf\xf1\x55\x37\x1d\x8b\x07\x4c\xb6\xfe\x9f\xcd"
	"\xfd\xdb\x61\x8d\x89\x7a\xfc\xfc\xd6\x40\x3f\x8c\x3b\x58\xaa\x76"
	"\xc6\xb2\x28\xc5\x32\xa7\xa8\x13\x36\xf9\x40\xf0\xa3\x7a\xe4\x67"
	"\x95\x1c\xa1\x25\xc4\xe4\x4b\xad\x15\x31\xce\xac\xbe\x52\xe0\xb3"
	"\x03\x86\xac\x0c\x04\xcb\x5d\x07\xcd\x00\x52\x26\x03\x6f\xd5\x85"
	"\xa0\x55\xea\x47\xaf\x2c\xdd\xbc\xec\xf6\x3f\xad\x1b\x70\x4f\x85"
	"\x85\xb7\xd4\xaf\xb9\xac\xa9\xea\xfc\x52\x92\x15\x5e\x0f\xae\x29"
	"\x25\x34\x28\xed\x6f\xd3\x38\xef\x77\x4c\x8c\x6e\x86\xca\xf5\xf7"
	"\x76\x94\x07\x1f\x8b\x80\x04\xb5\x03\xd1\x06\xb4\x34\x97\x46\x9d"
	"\xba\xc3\x0e\x46\x77\xd0\x96\xc3\x9f\x71\xbc\xc7\x54\xce\xfc\xaa"
	"\xa9\xd9\xdf\xec\x68\x3c\x24\xa7\x5e\xd5\xcb\x89\x04\x22\xe8\x5c"
	"\x19\x13\x8e\xc5\xb0\x53\x47\x58\x5a\x71\xb7\xe7\x6b\x44\xf9\xfc"
	"\x56\x9a\x8a\x35\x75\x7c\x90\xd7\xb8\x27\x32\x3d\x61\x64\x35\x53"
	"\xc0\x89\xd3\xdd\xaf\xa6\xc3\xcb\x33\xbf\xd1\xaa\x56\x11\x11\x96"
	"\x14\xae\x88\xba\x90\x9e\x98\xab\x9b\x9d\xf1\xbb\x3a\x09\x05\x77"
	"\x1b\x4b\x31\xfd\x37\x80\x82\x67\x0a\xbf\x0e\xe1\x13\xe1\xd4\x79"
	"\x07\x03\x3f\x7b\x8b\x5c\x10\x06\x93\x21\xf2\xca\xfa\x9c\xc7\x5d"
	"\xce\x7b\x6e\x27\xef\x66\xff\x63\xec\xea\x9e\x1b\xc7\x71\xfc\xbf"
	"\x92\xda\x87\xab\xdd\xaa\xbd\xba\xd8\xe9\x38\xce\x56\xcd\x03\x4d"
	"\x51\x36\x27\xfa\x8a\x28\x7f\xa4\x5f\x54\xbd\x3d\xd9\x9d\xd4\xf5"
	"\x4c\xa6\x3a\xe9\xbd\xdb\xfb\xeb\x0f\x20\x25\x9b\xa4\x00\x2a\x0f"
	"\xd3\x13\x03\x10\x45\xf1\x13\x00\xc1\x1f\xf6\x94\x31\xfb\xd9\x94"
	"\x51\x94\xed\x78\xcb\x0c\x9a\xb4\x89\xe0\x71\x46\x61\x1b\xfb\x40"
	"\xde\x64\x15\xe8\x5f\xfd\x0c\xc3\x7b\xdf\x5a\x00\xba\x5c\x58\x97"
	"\xa0\x8f\x7d\x56\x8e\xd7\x5d\x99\x42\x46\xe7\xb6\xbd\x03\x07\x3a"
	"\x0d\xcc\x05\x7f\x3c\x3b\x5c\x0f\xd5\x8b\x0a\x6d\x21\x6d\x43\xd7"
	"\x64\x21\x74\x19\xe9\x66\xaa\x6d\x43\x7f\xac\x45\x11\x20\x9b\xc6"
	"\xb9\xd1\x51\x64\x74\xf2\xd1\xc1\x97\xaa\x45\x47\x9f\xc5\xe0\x99"
	"\xc5\x20\x41\x0f\xdc\x7e\xbc\x93\x88\x45\xc7\x57\x64\x67\xf8\xee"
	"\x7e\xff\x18\xc2\x00\xfa\xd1\x71\x1c\xa2\x0f\x78\x2d\x33\x54\x36"
	"\x10\x98\x02\x2c\xc4\x5d\x29\xda\x87\xd4\x65\xec\xa6\x53\xce\x35"
	"\xe8\x2f\x54\x23\xec\xd0\xa5\x19\xbd\xf9\xa8\x41\xc1\x81\xa6\xee"
	"\x34\x8c\x5a\xb1\xc5\x98\xe0\xe9\x85\x5b\xff\x69\x58\x99\x76\x61"
	"\xcc\xc6\xb8\xe3\xe3\x7a\xd7\x9e\xd7\x3f\x5f\x47\x6d\xea\xde\x2e"
	"\xa0\x35\xf4\x8f\xef\x71\x72\xda\xeb\x05\x7b\x10\xdd\xc8\x5e\xd8"
	"\xe1\xc3\x30\x16\xc7\xeb\xd1\x97\x31\x18\x90\xfd\x19\xee\x15\x34"
	"\x1c\x6d\x50\x6b\xca\x7e\xc0\x99\x31\xe1\xed\xcb\x2a\x08\x11\x72"
	"\xfb\x1f\xd0\x40\x5f\x7e\xc0\x0b\x78\x66\xb8\x35\xe1\xa1\x6d\xc0"
	"\x40\x6a\x83\x33\x25\x24\xaa\x91\x66\xb7\xa8\xea\xf9\x1d\x6f\x0f"
	"\x61\x4c\xc8\x64\x6f\x82\x8e\x7f\x08\xc1\x4d\x1c\x05\x6c\x4a\x41"
	"\x2d\x08\x68\x73\x06\x37\xf4\xd1\xa6\x8d\x65\x2f\xab\x59\x41\x0d"
	"\xe2\x53\xde\x7a\x9f\x8c\xbf\xec\x75\xdc\x88\x34\xe0\x42\xf8\xa4"
	"\x73\xd0\x83\x5f\x03\xcb\x01\xab\x1a\xcf\xa8\xb4\xa4\x9d\x3e\x56"
	"\xc6\xed\x06\x8a\xa9\x90\x9d\x72\xda\x74\x5a\x9a\xf8\xad\xcd\x10"
	"\x72\xee\x35\xf0\x83\x0a\x2e\xeb\x0e\x24\xea\x15\x97\x3a\x64\x8d"
	"\xc5\x6a\x51\xe4\xc4\xd6\x41\xcf\xeb\xc6\xc5\xc4\x85\xb0\x6e\x40"
	"\x1d\x9d\x2c\x3d\xd8\x62\x5d\x38\x41\x35\x1e\xba\x6c\xd0\x69\xa7"
	"\xd8\xe5\x63\x2c\x17\x63\xed\xec\x02\x6c\xa2\x12\x6c\xb1\x83\x8c"
	"\x08\x21\x7a\x62\xa1\x83\x6a\x37\xb5\x1f\xee\x0b\x9c\xa6\x6a\xe2"
	"\xdf\x7d\xb6\x93\x4d\xf4\x16\x24\xa3\x62\x40\x47\xd3\x0f\x02\xad"
	"\x68\x69\xbe\x1d\xf5\x8d\x6e\x18\xf8\x19\xdd\x6c\x51\x11\x54\xe5"
	"\xfe\x14\xcd\x94\x06\x81\x64\xaa\x50\xf9\x3a\x3f\xc1\x55\xa5\xb4"
	"\x5f\x4b\x82\x90\x80\x75\x54\xd7\x0f\x7a\x32\x23\x9b\x43\xa7\x43"
	"\xd2\x3e\xe3\xde\x9d\xd7\x7b\xf6\x23\x81\x77\xa9\x34\x37\x68\x7a"
	"\xb1\xf3\x31\x6c\x70\xf2\x9b\xb0\xbd\x07\x5a\x5f\xe7\x39\xe3\x6c"
	"\xd6\xae\xda\xe1\x30\xb7\x44\x3b\x01\xce\x35\xf7\x39\x24\xd1\xcd"
	"\x33\x0c\xf9\x71\x7a\x4c\x78\xd3\x3f\x92\x48\x17\xb0\x51\x2a\x7e"
	"\x16\x97\x99\xb8\x16\xb2\xa1\xc8\xd8\xde\x03\x39\x6c\x87\x56\x1c"
	"\xb9\x95\xed\xfc\x0a\x18\x3b\x78\x8a\x18\x4c\x70\x7c\x0f\xfc\xb9"
	"\x3d\x4f\x40\x0a\x04\x6f\x94\x91\xfb\x8d\x7f\x2a\x36\xea\x8f\x23"
	"\xff\xa7\x3f\x7d\xfd\xf1\xf7\x97\xaf\x7f\x0a\x4b\x2f\xb3\xdb\xc8"
	"\x57\x7f\x1e\x83\x87\x95\x3f\xa9\x0e\xab\x61\xf2\xa3\x7a\x9f\x53"
	"\x1c\x8b\x21\x1b\x31\x1c\xfc\x0f\x2e\x6f\x7d\x26\xb2\xb0\xb9\x56"
	"\x93\x31\xb4\xa2\x06\xd1\xea\x03\xa3\x68\x35\x1d\x46\xf8\xf6\x52"
	"\x37\xab\x70\x0d\x00\xa2\x2e\x04\x5b\x0a\x3b\xee\x56\x0c\x75\x76"
	"\xe4\xad\x66\x86\xde\x6a\x3a\xf6\xa2\xaf\xbf\xf0\x6d\x2b\x0f\x80"
	"\x4a\x5c\xac\x93\xfd\xc4\x60\x21\xb0\x14\x13\x5a\x1c\x23\xad\x5f"
	"\xb5\x19\x57\x48\x95\x81\x25\x0a\xb6\x14\xe8\x14\x4f\x8d\x8a\xca"
	"\x9b\xae\x2a\x96\xbc\x25\x61\xb6\x5c\x5f\x4c\x36\x80\xa0\x2e\xfb"
	"\x0d\x1e\xe5\x98\x49\x89\xd3\x75\x30\xfa\x08\xb5\x5d\xf5\xc5\xd1"
	"\xd5\x67\x46\x0c\x74\x48\x49\xaf\xde\x51\xdc\x84\xa8\xb2\xb6\xd6"
	"\x99\x0d\xc2\xab\xf0\x0f\x10\x09\x51\x95\x07\x02\xc6\x1d\xa0\x62"
	"\x1a\x2d\xaf\x96\x05\x2a\xa6\x0b\x98\xee\x44\xd9\x44\x7a\xf7\x45"
	"\x34\x0e\x58\x38\x93\xc8\x83\x8d\x4d\xab\xb3\xad\xba\x08\x4d\xc2"
	"\x8f\xe4\xeb\xf7\x67\x54\xbc\xfe\xf1\x82\x37\xb9\x27\x10\xe2\x93"
	"\x97\x50\x6a\xdc\xc0\x1a\xf4\x3f\x8a\x95\x8b\x52\x83\xfd\xe2\x6a"
	"\x93\x10\x80\xad\x34\x6a\x99\xb0\x6c\x0e\xd7\x73\x2a\x68\x3d\x99"
	"\x89\x5a\x0e\xf1\x82\x89\x57\xd5\x86\x82\xbe\xab\x10\x34\xab\xaa"
	"\xac\x6d\xe4\x15\x9f\x3b\x40\xc8\x09\xe8\xec\xc0\x80\x32\x33\x75"
	"\x48\x56\x1c\x4b\x1d\x91\x5c\x89\x77\xf5\xc3\xa8\xa1\x58\xd4\x98"
	"\xf2\xf9\x78\x84\x68\x66\xbe\xc5\xda\x2e\xfe\x45\xcb\x80\x39\x05"
	"\x7d\x0a\xd8\x38\x6a\xa3\x0b\x78\xbc\xa0\x1d\xde\xf3\xa2\x76\x86"
	"\x71\xb5\xee\x5c\xf0\x71\x9f\x49\xd9\x84\x55\x1e\x39\x5b\xdf\x49"
	"\xed\x33\x8c\xec\x98\x47\x60\x33\x2e\x74\xa7\x98\x26\x10\x18\x1e"
	"\x2f\x18\x66\x1e\x97\x79\xe6\xec\x6e\x96\x37\x0c\x4b\xb7\x92\xe1"
	"\x10\x50\xc9\x01\x1f\x46\xcd\x46\xd7\x31\x10\x62\x38\x26\xaa\xb2"
	"\x99\xed\xf2\x86\xad\xb6\x11\xe1\xc5\xe8\x90\xa9\x67\x8b\xee\xf2"
	"\x69\x2b\x5f\xd6\x87\xc4\xac\xdb\x16\x7b\x44\x81\xa4\xcb\xaf\x44"
	"\xd8\x22\x95\xb5\x3a\x55\x00\x83\x36\x90\x99\xf1\x71\x61\x51\xbd"
	"\x7d\xe1\x4e\x46\x09\xb2\x88\x21\x80\xe4\x9c\x10\x8d\xfb\x16\x69"
	"\x1d\x25\x88\x77\x62\x5b\x15\x82\x6f\x02\xcb\xed\x79\xc9\x05\xe3"
	"\x74\xde\x17\xed\x42\x7e\xb2\x5e\xeb\xb7\xab\xaf\xaf\xbf\xfd\x1d"
	"\xe1\xf1\xaf\x7e\x7b\xc5\x63\xc2\x37\x6a\x11\x3f\x75\xf1\x72\xe2"
	"\xb3\xb0\x17\x07\x76\x50\xf2\xfb\x97\xef\xff\x7c\x7e\x0f\x42\x51"
	"\x83\xe7\x3a\xd1\x6e\x51\xcf\x47\x5c\x78\xce\x56\x98\x48\xdb\xfb"
	"\x08\x66\x5f\xce\x7c\xea\x59\xbc\x10\xc6\xe8\xfc\x89\xa9\xfa\x28"
	"\x75\xf9\x82\x19\xa9\xcb\xd2\x99\x12\xec\xd2\xfc\xcc\x48\x66\xdb"
	"\xba\xc8\xec\x8a\x0f\x37\x09\xe7\xb9\xa2\x64\xd1\x5b\x67\x11\x16"
	"\xd3\x35\xb4\xd8\xf6\x9e\x68\xf2\xfd\x34\xa8\x35\x29\xe9\xc7\xdc"
	"\x93\xd5\x2b\x1f\xd3\x02\x89\xc6\x0f\x27\x3b\xf1\x6c\x85\xf8\x9b"
	"\xcd\x8c\x4c\x3e\x5b\xc7\x2a\x67\x75\x05\x4f\xa8\x1e\x77\xfc\x64"
	"\xd3\xa1\x53\x85\xbe\x45\x4f\x4a\x5f\xe6\x7e\x42\xaa\x53\x33\x75"
	"\xc3\xf0\xeb\xd3\xcc\x8c\x88\xc0\x4f\x29\x91\x0f\x4d\x05\xb0\x00"
	"\x4b\x63\xe6\x9a\x01\xa4\xc0\xea\xc0\xe8\xbc\x29\x8e\xd1\xb8\x9a"
	"\xfc\xf6\xe5\xfd\xeb\xaf\xcf\xfc\x6a\x52\x8a\x0e\xf1\xd2\xb2\xac"
	"\x45\x6b\x62\xae\x45\x9d\x74\x04\x48\x4c\x48\x4c\xd1\xa3\x93\xd2"
	"\xc5\xde\x74\x64\xbc\x14\x25\x0c\xca\x9f\x3b\xc4\x4a\x16\x09\x8b"
	"\xce\xe6\xa9\x63\xc2\xf7\x99\x07\xb8\x80\x7e\x4e\xdc\xde\x26\xfe"
	"\xf7\x8c\x54\xa2\xb3\x2f\x42\xe9\x51\x3f\xc8\x35\xfb\x8f\x7e\x0c"
	"\xee\xc7\x1f\x96\x55\x07\x0e\xea\x9b\x92\x36\xb2\x49\x7e\x8d\x92"
	"\x55\x9a\x6f\xd2\xcf\xe3\x9d\x96\xf9\x86\x75\xb7\xda\xd3\x22\xc5"
	"\x4c\x7b\x3a\xcf\xc4\xc7\x3e\x5b\x37\x60\x70\x6e\xd5\x4c\x89\xc5"
	"\xb2\xfb\x60\x79\x85\xaa\xb6\xdd\x2e\x59\xff\xf9\x46\x00\xab\x79"
	"\x86\x3f\x33\xf2\x9c\xe9\xef\x5c\x23\xa9\xef\xaa\xf2\xd8\x1e\x4c"
	"\x49\x33\x06\x1d\x21\x18\x86\xdc\x10\x12\xce\x85\x9f\x16\x79\xe8"
	"\x42\x37\x08\x21\xf3\xb8\xaf\x7d\x1c\x74\x4e\x62\xf9\x01\x11\xde"
	"\x9e\x3d\x0b\x12\x9b\x53\x52\x5c\x89\xa2\xfc\xb8\xb0\x54\xd5\x87"
	"\x8b\x46\xed\xfa\x63\x5d\xe1\x0e\x22\x92\xdf\x6f\xef\xcb\xcf\x4a"
	"\x58\x97\xe2\x8c\x54\x1b\x9d\xf0\x12\x42\x6e\xff\xfb\x58\xdd\xc3"
	"\x00\x7a\x42\x60\x7f\xb3\x8c\x0e\x1c\x8c\xea\x38\xff\xfe\x61\x7a"
	"\x75\x4c\x37\x7f\xfb\x80\xeb\x26\x47\xc7\x6e\x2b\xac\x5f\xeb\x53"
	"\x60\x7f\xb8\xc6\x9d\xd2\x9d\x42\x31\xa5\x67\x18\x56\xe7\x88\xb1"
	"\x83\x23\x3a\x03\x09\x99\x93\x82\x5a\xf5\x33\x9e\x3a\x4e\xe8\xd6"
	"\x72\xa2\x88\xa5\x30\xa0\xa4\xb5\x02\x2f\x14\x53\x7c\xda\xe6\xb7"
	"\x9c\x86\x30\xba\x42\xa3\x1c\x1a\x17\xe8\xba\x99\xfa\x19\x91\x3e"
	"\xe8\x21\x3b\x9a\x1e\xec\x2a\x3e\xa3\x6d\x62\x47\x9d\xcf\xed\x7c"
	"\xf4\x7a\xc7\xa0\xc5\xcf\x9a\xe2\xcf\x91\x8d\x18\xb0\xcd\x53\x65"
	"\xbb\x8c\x3e\x06\x8b\x0d\xe7\xe0\xd1\x4b\xcb\x32\x02\xb1\x96\x1d"
	"\xd5\x2b\xd6\x60\xc7\xaf\xac\xb6\x61\x26\xa5\xe0\xb1\x41\xaf\xd2"
	"\xec\xb9\xda\x45\x14\x1a\x78\x5e\x08\x9a\x93\xfd\xf4\x56\x1c\xe3"
	"\xda\x81\xa6\xbb\xc7\xb8\xfb\x98\x0e\x83\x98\x1e\x03\x82\xeb\x4d"
	"\x60\x5c\xbe\x75\x98\x93\xff\x5a\x7d\x6c\x56\x5e\x66\xdf\x8a\x99"
	"\x7d\x2b\x6a\xf6\xad\x98\x99\xb4\x9a\x78\x23\x07\xa2\x3f\x55\x87"
	"\x09\xb6\x22\x5b\x6b\x15\x4d\x03\xaf\xad\x57\xfe\x4c\x60\xfa\xc3"
	"\x93\x51\x7b\xcd\xdc\x37\x0e\xc4\x70\x55\x9a\x97\x42\x4b\x62\x5e"
	"\x6a\x57\xcc\xcb\xe0\x97\xbb\x38\xbb\x79\xd9\x72\xc7\xb7\xd1\x64"
	"\x86\xd3\x45\xb4\xdd\xfc\x6b\x4c\x9b\x6c\x4e\xd2\x79\x10\x8a\x4c"
	"\x07\xe6\x6a\x66\xe1\x58\x7d\x74\xe5\x58\x05\x53\x39\x24\xbb\x69"
	"\x15\x97\x3a\xce\xac\xd4\x37\x55\x82\xf1\xee\x5d\xb6\x29\x6f\x2c"
	"\x8f\x07\x18\x79\xaf\x36\xf1\xe4\x1c\x78\xc0\x40\x8f\xe9\xbe\x53"
	"\xc4\xc9\x07\x32\xbb\x7e\x7a\xf8\x41\xcb\x45\x75\xa3\x84\xd6\xd7"
	"\xcb\xfe\x66\x4e\x48\x94\x35\x77\x1b\xc7\x13\x62\xe2\x06\x3c\x11"
	"\xfd\x01\x89\xd5\x9c\x88\x55\xd8\xe7\x84\x62\x9f\x13\x25\x33\xa8"
	"\xb4\x73\x62\xa6\x9b\xad\xf5\xa1\x10\xd5\x07\x9a\xa7\x55\x4d\xf1"
	"\x34\x27\x97\x7d\xa0\xd3\xf0\xeb\xfa\x59\xa9\x71\x37\x9b\xfd\xc0"
	"\x0f\xbc\x11\x16\xe0\x39\x11\xeb\x9b\xa2\x85\x9a\xc4\x80\x85\x9d"
	"\x27\x36\xa3\x3d\x05\xd2\xf9\xad\x3d\x9c\xd6\x0e\xc4\x37\xdb\xbe"
	"\xde\xfc\x2c\xab\x8e\x44\x77\xed\x2e\x91\xc8\x2e\x4e\xc4\x9e\x7b"
	"\xe2\x41\xff\xb4\x24\x42\x0e\xa1\x2c\xe8\x6b\x36\xdc\x13\x71\x1a"
	"\x44\x5f\x7e\xae\x06\xa9\x37\xfb\x01\x12\xee\xe5\x51\x68\x45\xcb"
	"\x64\xe2\xea\xb8\x5c\xab\xa2\xa3\x1c\xd3\x68\x4e\x7b\xb7\x35\xe0"
	"\x57\x7f\xb8\x89\x08\x3a\x96\x50\xbe\x59\x6d\xfc\x02\xe2\x53\xd1"
	"\x61\x88\xe8\x6d\x09\xfd\x89\x17\x6a\xa6\x17\xa4\x6d\x08\x88\x11"
	"\x71\x90\x0e\x90\xc8\xcf\xc0\xe9\x86\x0b\xd7\xe2\x91\x49\xce\x22"
	"\x2b\x45\xa6\xde\x2d\x02\xa8\x1b\xf8\xb9\xe4\xae\xac\x15\xf4\xea"
	"\x71\x5a\xd2\xb9\x0c\x0a\xd1\xd0\x97\x23\x9b\x5d\x5d\x31\x46\xd0"
	"\xaa\xa8\x8f\x0d\xb3\x6e\x68\xa5\x14\x7e\xe0\xed\x27\x26\xda\x6a"
	"\xbc\x0c\x64\x95\xb4\xc7\x1f\xcf\x3f\x9e\x5f\x7e\xff\xe7\x7f\x0d"
	"\x97\xa9\xdc\x0d\xdd\xa0\x29\x0d\x3a\xb6\x36\x8f\x7c\x69\xfd\xae"
	"\xdb\xc4\xed\x6f\xc9\xb9\x91\x89\xa7\xf0\x0e\x4d\x18\x73\x65\x46"
	"\x87\xc7\x23\x55\x5c\xcb\x5c\xfe\x1c\xf9\x26\xdf\xcc\xf0\x1f\x93"
	"\xfc\x4e\x3d\x16\x69\x81\x4d\x9e\xe4\xcb\x8d\x49\xf2\xc1\xec\x4d"
	"\xf2\xb7\x73\x5f\x98\x19\xfe\x3c\xc4\x0a\xc0\xff\x55\x49\xb5\x5d"
	"\xd6\xb6\xc9\x92\xcb\x47\xec\x8d\x74\xf3\x3d\x6c\x66\x65\xe4\xae"
	"\x7e\x50\x49\x89\xc7\x99\x4e\x90\x78\xd5\x22\x29\x91\x3f\x7e\x40"
	"\x48\x8a\x99\x7a\xcc\x54\x63\xb7\x4b\x77\x55\xa3\x55\xa2\x1b\x2e"
	"\x91\x21\xd3\x07\x0b\x06\x06\xed\xdc\x53\x53\xe0\x2d\x37\x21\xbf"
	"\x7d\x79\x7b\x7b\xf9\xc7\xcb\xd7\x69\x3c\x0a\x18\x91\x93\x77\x01"
	"\x09\xef\xc3\x6b\xc9\xbe\x0c\x25\x3a\xa9\xab\x4c\x9d\x92\x32\x56"
	"\x9d\xe4\xd6\x12\x14\xc8\x8f\xe1\x2c\x46\x5a\xe4\xcf\x19\x48\x6c"
	"\x12\xc5\x81\x4d\x84\x03\xb9\x2a\x98\x43\x93\xae\x23\x08\xac\x52"
	"\x55\x2c\xea\x23\x55\xb0\x4c\xb8\xd5\x5d\x13\x4e\x8e\x51\xce\xe5"
	"\xa9\x36\x59\x25\x6b\xd4\xd0\xb9\xf0\x6c\x74\xa7\xe5\x47\x21\xe0"
	"\x67\x1f\x9d\x7c\xc0\xab\x11\x53\x96\x8c\x83\x9a\x07\xba\x3d\x47"
	"\x21\x39\xae\x23\xa6\xf4\x52\x45\xee\xd6\x91\x31\x64\x01\x0a\xbe"
	"\x47\x8d\x46\x63\x97\x68\x2a\x21\x27\xcf\x09\x0c\x28\x41\xff\x30"
	"\x37\x59\x50\x60\x1b\x3d\xb8\x15\x2e\x0c\x65\x93\x78\xa6\xd4\x78"
	"\x8b\x83\x7a\x9d\x11\x65\x53\xf0\x53\x5f\x58\x0f\x41\x97\xe4\x73"
	"\x2a\xed\xf9\x8b\x54\xe2\x54\xdf\x55\x42\x73\x87\x16\x8e\xfd\xb0"
	"\x51\x99\x26\x5b\x4b\x46\xe7\xff\x13\x01\xd6\x5c\x18\x05\x60\xc4"
	"\x26\xf9\xe3\x79\x57\xfa\x03\x1e\x36\x65\x9d\xa5\x5b\x31\x4f\xb7"
	"\xb2\x8b\x2a\xc4\x10\xfb\xe4\x34\xd1\x55\x96\x58\x48\x73\x9d\x07"
	"\x70\xd9\x99\xa4\x46\x45\x56\xe1\x3d\x13\x53\x17\x87\xd0\x05\xb1"
	"\x01\x9d\x55\x58\x94\x03\x1a\xa3\xa0\x51\xd5\xc1\x1c\x35\x0c\x6d"
	"\x5a\x55\x24\x42\xff\xfd\xfa\xdb\x20\x1d\xf6\x1e\x05\x0c\x43\x5e"
	"\x1b\xa8\x0c\xfd\xca\x9d\x49\x6c\xd3\xb6\xa6\x51\xec\x5c\x20\x51"
	"\xdc\xa0\x0f\x13\xfd\xea\x74\x84\xdd\x63\xdb\x79\xde\x11\xfc\xd5"
	"\x9b\x32\x98\x45\x96\x06\x3d\x47\xe3\x70\x22\x73\x6f\x36\x3c\x13"
	"\xbb\x8b\xff\x66\x19\x26\xb3\x1a\x0d\x11\x3f\xb5\x72\x9b\xdb\x34"
	"\xe7\x7e\x3c\xe9\xa9\x31\x44\x66\x5d\x2c\x90\xd5\x46\x3c\x19\x17"
	"\x24\xc3\x0d\xb1\x16\x13\x56\x9b\xa7\x3e\x4c\xdc\xb9\x79\x9c\xe6"
	"\xba\x0c\x86\x15\xe6\xc4\xec\x5a\x25\x4a\x1e\x44\xc4\xde\x05\xc0"
	"\xcb\x59\xd1\x11\xa1\x1d\x52\x87\xbe\x2a\xca\x21\xa6\xcd\xbf\xed"
	"\x73\xf5\xfe\xfc\xf6\x4e\x28\xe0\xcd\x43\xb7\x55\xfc\xac\xcf\xda"
	"\xba\x19\x6f\x49\xd1\xa3\x4a\x94\xad\xc8\xb8\xc6\x22\x13\x9d\x6c"
	"\xbc\x3a\x5b\x9f\x92\xca\xc2\xa9\x05\x8d\x97\xe3\x31\x3f\x6d\xb4"
	"\xc3\x13\x95\x6a\x38\xde\x4e\x67\x0d\xf9\x4e\x18\xff\xc1\x6b\x43"
	"\xbf\xb9\x25\x30\x66\x2b\xba\x22\x54\x91\xc7\x00\x9b\x0e\xaf\xfe"
	"\xdb\x8f\xe7\xf7\xd7\xd7\xf7\x5f\xaf\x7e\x79\xfe\xd7\xcb\xd7\x67"
	"\x0a\x65\x17\xdf\x2d\xf5\xa6\xe3\x86\xf7\xc8\x37\x5c\x33\x3a\x81"
	"\xbd\x60\x3c\x9d\xc3\xf3\xb2\x5c\x5e\xdf\x9c\x52\x12\x8d\x58\x5c"
	"\x27\x05\xf2\x74\x15\x0f\x3b\xa9\x39\x76\xd9\x1e\x0a\x12\x21\xa5"
	"\x44\xae\xc5\x4d\xf6\x9b\x3f\x47\x8c\x77\xff\xe2\xdf\x99\xd4\x1f"
	"\x65\x75\x73\x7f\x7f\x1d\xf5\x8e\x65\x3d\x4a\xb1\xba\xb9\x67\x72"
	"\x9a\xe5\x30\xe5\x5a\xce\xc1\x90\xf7\x0f\x92\xf2\x31\xe0\x15\xa9"
	"\x36\x04\x71\x3a\xea\x56\x15\x41\xec\xf5\x48\xe9\x9d\xfa\x32\x52"
	"\x95\x0d\xe2\xf3\x0f\xc3\x2c\x09\x23\x7c\x23\x92\x69\x9e\x26\x42"
	"\xfa\xe0\x03\x81\x6c\xd1\xaa\xf6\x50\x31\xaa\xc2\x12\x2c\xaa\x2b"
	"\xde\x31\x08\xb3\xa6\x3b\x69\x5c\x89\x55\x01\x3b\x4d\xdb\x1f\x45"
	"\x5b\x81\x61\xc0\x24\x40\x1f\xe5\xa5\x42\x60\xc6\x21\x7f\x69\x5f"
	"\x57\x7b\xea\x84\xf5\x2c\x8d\xa8\x4c\xf0\xe1\x36\xd7\x30\xde\x30"
	"\x53\xdb\x6c\x33\xad\xb2\xc5\xb9\x18\x81\xc5\x50\x04\x77\x65\x43"
	"\xc8\x8d\x1e\xaa\x86\x62\xda\x9b\x7c\x95\x28\xd8\xb7\xc8\x36\x13"
	"\x5e\x0e\xcf\xe9\xb7\x61\xab\x72\x18\x3e\x56\x82\x1a\x9c\x03\x0b"
	"\xb5\x62\x1b\x78\x62\xd3\xaf\xd8\x24\x36\x5e\x8e\x80\xa3\x06\x2a"
	"\xb5\xb9\xe4\x78\x2b\xd6\xdf\x5f\xf0\x77\x80\xb3\x3f\x90\x70\x65"
	"\x09\xfc\x63\x8e\xac\xab\x86\x09\xe6\x1e\x04\x10\xe4\x82\x5d\x99"
	"\xef\x1b\x66\xc9\xd5\xb4\x8e\x26\x55\x83\x41\x25\x8c\x1b\x23\xa7"
	"\x9c\x29\xee\x32\x2c\xf0\xfc\x33\x2f\xd9\x57\x81\x07\xa5\x99\xd1"
	"\x8a\x39\x5d\x8e\xba\x1b\x32\xea\x5c\xa6\x73\x59\x85\x3c\xf4\xd1"
	"\xb6\x86\x2f\x28\xa6\xb6\x28\xcc\x01\xd4\x95\xc8\xde\x7d\xb2\x83"
	"\x73\x90\x08\x20\x16\x84\x2e\x30\x91\x06\x87\xbf\xa8\x2e\x3b\xb3"
	"\x5d\xc8\x33\xb7\xb6\x93\x28\xe0\xa2\xb4\x69\x24\x2f\x20\xb3\x2f"
	"\x5f\x07\xc1\xab\x3a\xbe\x5d\xbb\x77\x97\xd0\xe3\xe8\xa5\x80\xdc"
	"\xe3\x45\x4b\xbc\x72\xec\xf9\x0d\x0f\x5d\xd9\x90\x48\xdc\x30\x70"
	"\xab\x4c\x14\x01\x20\x65\xd3\xba\xe2\xce\xa0\xdf\x36\x83\xc8\x58"
	"\xc5\x33\x2e\xf6\xb7\xd7\x2f\xbf\xf8\xf8\xce\xf9\xf1\x82\x3f\x7d"
	"\x4e\xd7\xde\xb5\xe2\x5c\x8e\x77\x0d\xfa\x2c\xdb\x7b\x39\x46\xbc"
	"\x6c\xb2\x14\xdb\xc7\x10\xbb\x74\xc4\xb1\x9f\x60\x16\x8c\xd3\x4e"
	"\xd8\x9c\x18\x07\x1f\x61\x63\x6c\xf6\x02\xb5\x1f\x9a\x17\x51\xa3"
	"\xcc\xd8\x2e\xa1\x44\x22\x75\x36\x3c\xde\x32\x41\x83\x4e\x00\x17"
	"\xe4\xa1\x98\xde\x65\x48\xa3\x5d\xdd\x28\x26\x6c\xf6\xf1\x41\xd8"
	"\x82\xf7\x26\xa0\x07\x2c\x9e\xe7\xbe\xab\xad\x1c\x91\x1a\x18\xd8"
	"\x87\x7d\x01\x3f\xc4\x46\x17\xba\x0b\xae\x99\x0e\xd0\x2f\x3e\x2c"
	"\xe3\x36\x88\x26\x18\x40\x7e\xf4\x52\x4e\x68\xc6\x87\xcc\x3d\xd3"
	"\xca\x29\xb1\x2c\x7d\x97\xea\x58\x62\xfb\x38\xa1\x1d\x65\x16\xd2"
	"\x11\x73\xd8\x66\x0f\xcb\xa0\x96\x79\x1e\x1a\x52\xc8\xcc\x15\xa2"
	"\x2b\xd8\xe0\x59\x12\x9b\x5e\x0c\x18\x15\xc3\x64\xfc\xc7\x97\x1f"
	"\xdf\xde\xaf\xbe\xbe\xfe\xfe\xfe\xf2\xcf\x1f\xaf\x3f\xde\xae\x7e"
	"\x73\xa0\x2b\x30\xac\xbf\x5c\xbd\xbd\xfc\xdf\xf3\xdf\xfc\xd4\x41"
	"\xc2\xae\xe8\x7d\x69\xc3\x41\xbd\xe4\xd4\x67\x8e\xc1\x9c\xc8\x8e"
	"\x1b\xc1\x60\x9c\xd9\x08\xc3\x80\x38\x04\x1c\xf8\x46\x50\x94\xae"
	"\x3e\x20\x44\x6e\x29\x16\x5e\xe3\x9c\x08\x6d\x1d\x8f\x01\x87\xd7"
	"\x5a\x83\x45\x51\x6f\x9f\xce\x19\x93\xe0\xfb\x9d\xee\x19\x2a\x9d"
	"\x2e\xfb\x70\xbf\xd5\x66\x03\x0f\x6e\x38\x18\x7f\xb5\xd1\x81\x37"
	"\x0d\xdd\x0b\x88\x4c\x51\xe2\x80\xa2\x4d\xd7\x21\x2b\x6b\x9f\x00"
	"\x48\x2a\x77\x3a\x7e\xde\xa1\xe3\xec\xb4\xed\xb7\xef\xaf\xdf\x06"
	"\x68\xb5\x33\x79\xd0\x9f\x89\xdc\xab\xe8\x55\xb0\x68\xbe\x34\xf8"
	"\x50\xc5\xc0\x55\x96\x1d\x89\xb4\xd0\x79\x53\xa0\x0e\x1c\x70\x75"
	"\x8e\xf0\x05\x5d\x47\x47\x96\x03\x17\x91\x79\xba\x00\xab\x19\x88"
	"\x0e\x32\x84\x64\x3d\xd4\x9b\x9f\x03\x02\x86\x59\x07\x9a\x25\xd0"
	"\x82\x99\x02\xbf\x83\x8b\xff\xf0\xbb\xcc\xfc\x69\x57\xe7\x23\xa8"
	"\x45\x16\x22\x45\x00\x03\x55\x64\xb7\x0a\xf8\x9f\xc4\x27\x8c\x02"
	"\xe6\x06\x6a\xad\xda\x27\x4c\x6e\x1f\xe5\xd0\x43\x45\x8b\x41\x8f"
	"\x84\x35\x92\x82\xea\xac\xf6\xa0\xb2\x6c\x0a\x6a\x2b\xfe\xdc\x0a"
	"\xaf\xaa\xf8\x0b\x9e\xc8\xf6\xc1\x02\x6d\xa9\xc7\x56\x77\x6a\x43"
	"\x23\x23\x3b\x6d\xc4\x8a\xd5\x4d\x17\x22\x56\xe2\xfb\x0b\x87\xca"
	"\x47\x50\x2d\x4a\x8f\xbb\xf4\x07\xd3\x7f\x52\x71\x87\x69\x56\x44"
	"\x90\x7a\x13\xb1\xac\xdd\xa4\x01\x42\xab\x4d\xc6\xb7\x58\x1f\x34"
	"\x81\x47\xbc\x54\x8c\xe0\x59\x5d\x74\xbd\xb8\xf7\xa0\x6c\x64\x86"
	"\xa9\x27\xc0\x6c\x97\xd9\x21\xe3\x8e\x09\x6d\xaf\xe3\x59\x68\xb2"
	"\xc2\xd1\x07\x39\x77\xc1\xa1\x54\x54\xa2\x0c\xa4\xf7\x39\xe3\xf1"
	"\x47\x9e\x8b\x74\x99\xce\xf8\x97\xb7\xaf\xd4\xfa\x24\xb2\xdb\xe5"
	"\xed\xa9\xcf\x9a\x9a\x56\x81\x6d\xce\x19\x9c\x1c\xf4\x39\xa4\x34"
	"\xf7\x37\x4b\xf3\xe9\x9a\x3e\x12\x87\xed\xa4\xa8\x0d\xe2\x0f\xe2"
	"\x54\xd1\x92\xd9\xd1\x5d\x1e\x99\x5a\x57\xa8\x59\xd2\x4d\xd9\x64"
	"\xe6\x1e\x6c\x04\xc1\xf8\xdb\xb4\x29\x96\xf7\xd7\xd7\x37\x09\xe6"
	"\x92\x36\x57\x8d\xaa\x4c\xdd\x9a\xbe\x03\xa1\xdb\xdb\xb4\xcc\x66"
	"\xb7\xb8\xbb\x4b\x8b\xd8\x8a\xde\x33\xd6\xfd\xae\x94\xab\x9b\x5b"
	"\xfa\x4c\x39\x33\x8b\xd5\x9a\x66\x21\xf6\x9c\x73\x0c\xf6\xb9\x11"
	"\xf7\x9f\xd6\xd7\xcc\x19\x73\xd7\x41\x13\xf7\x4a\x36\x37\xa9\x3d"
	"\xc1\xc0\x80\xa6\xab\x97\xc9\xa6\x7f\x34\x4a\x41\x77\x50\xdb\x94"
	"\xe3\x78\xea\xb2\xce\x5c\xfe\x52\x44\x35\x09\xc0\x67\x7c\x46\x22"
	"\x2b\xd0\x00\x6a\x64\x23\x9a\x6d\xf8\x30\x3d\x3a\x10\x75\x24\x46"
	"\x7d\xbb\x70\x3b\xdd\x9f\xd0\xc7\xd9\x76\x87\x63\x9b\x96\x83\xcd"
	"\x5e\x63\x26\xe4\xca\x02\xbb\xb7\x35\x62\x29\x51\xca\xbc\x2e\x47"
	"\xc4\xa1\xcb\xb2\xae\xca\xfe\xd1\x57\xc6\xdc\x2a\xd8\xe6\xa0\x37"
	"\x5b\xc0\xac\x33\x80\xd1\x65\x81\x58\xc6\x6b\xb7\x83\xdc\x53\xa0"
	"\x59\x96\xd4\xfe\xea\x38\xb0\x6c\x2c\xe9\x60\xc2\x0b\xff\x36\xc5"
	"\x77\xf0\x89\x29\x09\x68\x87\xd5\xfa\x2e\x59\xc8\xfd\x8d\x3c\xad"
	"\xd2\x02\xa7\xd3\xa7\xa4\x84\xce\xba\x7e\x7d\xbf\x6b\x94\x39\x11"
	"\x39\x6e\xfe\xf7\xcb\xdb\x95\xfe\xfd\xed\xfd\xfb\x0f\x04\xe7\x7b"
	"\xbb\x7a\xfb\x15\xb4\xc6\x5f\xae\xde\xbf\x7f\xf9\xfd\x0d\x1b\xe6"
	"\xea\xdb\xcb\xef\xcf\x57\xbf\xc0\xaa\xf5\xf2\x07\xfe\xe9\x37\x54"
	"\x87\x39\x27\x93\xd3\xb0\xd0\xe6\x06\x35\xea\x79\x21\x50\xc5\xe9"
	"\x15\x07\x03\x92\x04\x8e\xcd\xa6\x98\x46\xa2\xff\xfe\xfe\xfc\xed"
	"\xaa\xd4\xf2\xea\x3f\xae\xbe\x3f\x7f\xfb\xf2\x0e\x35\xbf\x74\x68"
	"\x24\x82\x8a\x61\x36\x26\xf1\xb1\x3c\x23\x75\x4e\x90\x0f\xb0\xf1"
	"\x4d\xa9\x97\x82\x76\xaf\x6f\xef\x2c\x53\x7e\xf9\xfe\x0b\xf5\x1a"
	"\x56\xfe\xf5\x8f\xef\xaf\xb0\x17\xbc\xbd\x7e\xbf\x32\xef\xf0\x05"
	"\x3e\x54\xe2\x9f\x65\x6d\xca\xbf\x78\x76\xf6\xb9\x7e\xe7\xe2\x2e"
	"\xbd\x2d\x77\x35\x83\xab\x6c\x64\xdf\x76\xe6\x14\x9f\x27\x8c\x36"
	"\x67\x03\xb6\x68\x23\x47\xfd\x19\x11\xc8\xa7\xca\xe7\x39\x16\xca"
	"\x68\xc4\xf8\x08\xbc\x37\x02\x96\x19\xd4\xf6\x48\x83\x1c\x1e\xf0"
	"\xec\x32\x7c\x3c\x2b\x45\x44\x29\x1f\xa7\x49\xa0\x2d\x03\x5d\x87"
	"\x7d\x6e\x82\xaa\x0d\x75\xba\x7a\xff\xf7\x1f\xcf\x57\x7f\x86\x81"
	"\xf9\xdf\x7f\xbd\x7a\xff\xf2\xc7\xf3\x5f\xaf\x64\xf6\x9f\x30\xde"
	"\xff\xe2\x81\x66\x0e\xfb\xba\x09\xea\x2b\x77\xad\xa3\x32\x49\xde"
	"\x06\x76\x6d\x18\x81\x73\xa9\x64\xa2\xc5\xb1\x70\x2f\x74\xea\x4c"
	"\xf3\xcf\xa0\xed\xf7\x61\x7e\xbb\x4e\x44\x10\x07\x96\x03\x16\xcd"
	"\x96\xc6\xe2\xb0\x6c\x23\xf1\xac\x0d\xcd\xe9\xa0\x6d\xba\x71\xd6"
	"\x06\xaa\x85\x7b\xa2\xd1\xd3\x4e\x0a\x45\x72\x39\x27\xa1\xed\xbf"
	"\x33\x42\x46\x98\x8f\x88\x14\x7a\x03\xff\x4b\xc8\xb4\x4d\x72\x54"
	"\x21\x1c\x5f\x81\x0e\xdf\x20\x1e\xd8\x72\x3a\xe6\xb6\x9f\xe3\x22"
	"\xb2\x16\x9b\xca\xcd\x4a\xec\x73\xb3\x93\x59\xd4\x57\x8e\xd8\x37"
	"\xb0\xbd\x63\x52\xc4\x49\x8f\x01\xbf\xcf\x8e\x12\x5e\x7e\x96\x49"
	"\x94\x6f\x75\x2d\xaa\x0c\x7c\x87\x2c\xb3\xb9\x01\x80\x45\xc4\x89"
	"\xc2\x22\x06\x6e\xb5\x9e\x92\x90\x9b\x01\x83\x3a\xd0\x10\xe0\x85"
	"\x4c\x44\x1c\xb0\xba\x23\xc7\xd9\xe9\x2c\xd1\x73\x0f\x5c\x99\x6e"
	"\xfe\xb3\x7a\x48\xd0\xad\x7d\x23\x4b\xa9\x45\xa2\x9c\x1d\xcf\xab"
	"\x4d\x66\xa1\x26\xb5\x88\xcc\xe4\x20\x63\x11\x1a\x06\x54\x7f\x02"
	"\x9d\xf2\x9f\x66\x94\x95\x57\x32\x36\x10\xe7\xc6\x3b\x5b\x4f\xa5"
	"\xf5\x43\x76\xba\x9a\x5a\x41\x59\x88\xa3\x59\x7a\x0b\x24\xad\xb3"
	"\xf2\x59\x78\xed\x6b\x72\x5d\x47\x05\x3a\xdf\x9d\x83\x7a\x2f\x45"
	"\x25\xb6\x60\x1d\xe1\x0f\x0e\x76\x33\xc3\x44\x17\xf6\x62\x35\x79"
	"\x49\x1f\xd8\x76\xcc\xf9\x2e\xae\xf3\x01\x87\xc3\x02\xbc\xd0\x4d"
	"\x25\x1a\xb3\xab\xbb\xa8\x4a\x98\x5a\x08\x17\xfc\x83\xc6\xbc\x1d"
	"\x89\x8a\xf0\xa0\xae\xd9\x60\x30\x27\x25\x40\x9b\xe0\x58\x18\xe9"
	"\xc2\x78\x55\x80\x8b\xfb\x1c\xc7\xfb\xac\xda\x9a\x2d\x95\x42\x0b"
	"\x0c\x3b\x83\xf6\x47\x60\xa3\x5b\xd7\x75\xd4\x52\x79\x21\xa2\x48"
	"\x8f\x0b\x0f\xcc\x5c\x77\xc3\xc8\x7f\xc0\x11\xdd\x89\x0e\x82\xa2"
	"\x29\x1b\x94\x04\xcd\x6d\xdd\x6f\x8b\xe5\x3a\x55\x16\xf3\xd8\x4f"
	"\x0b\xea\x15\xe2\xb0\x49\x96\x95\x2b\x19\xd5\x2d\x11\x13\x02\x5c"
	"\xbc\x4f\x64\xbb\xd4\x70\x12\xe9\x6c\x26\x20\x30\x62\x64\xb9\x1a"
	"\x7c\x4c\xaa\xc7\xbb\x7f\xb5\xe9\xfa\x1a\xfd\xb0\x67\xbc\x6c\x0b"
	"\xf8\xcc\x8e\x81\x4d\x4d\x2f\x97\x67\xd8\x8f\x96\x89\xcc\x82\x29"
	"\x8f\x26\xb9\x8f\xcb\x1c\xe1\x23\x86\xa7\xaa\x9b\xba\xca\x82\xd8"
	"\x6c\xeb\x1b\x08\xd2\x64\x3e\xda\x3c\x93\x5c\x24\x7f\x22\x76\xb7"
	"\x53\x8c\x51\x5a\x0a\xc9\x86\x43\xe9\x86\x65\x1d\x4e\x1c\x07\x9d"
	"\xb8\xcc\x61\xc1\x96\xb9\xc9\x01\x75\x30\x8a\x0d\xb2\x44\x65\xaa"
	"\x2e\x48\x5c\x37\x1f\x0e\x04\x7e\xf4\xd5\x1e\x67\xdd\xc1\xfc\x74"
	"\x8e\xfb\xeb\xf6\x01\x7e\x16\xfc\xec\x0f\xb6\xe5\x5b\xd0\x03\x7b"
	"\xb2\xd4\x83\x0b\xad\xbf\x54\xa1\x28\x89\x2c\xa2\xf6\xfc\xf1\x62"
	"\x4d\xfd\x12\xaa\xf2\xd9\x0b\x58\x5e\x2f\x7f\xff\x81\x86\x8b\xf9"
	"\x9f\x97\xf7\xaf\xbf\x5e\x09\x2f\x21\xa3\x27\x3e\xf6\x6c\xb7\xc3"
	"\xb3\xe5\xf0\x6a\x32\x54\xa5\xca\xea\x16\x6c\x25\x21\xed\xfa\x17"
	"\xd4\x6b\xb0\xa0\x3a\xc3\x9f\x49\x8e\xcf\x97\xe2\x33\x09\xd6\x17"
	"\xc8\x84\x19\x6c\x40\x55\x39\x6d\x37\x6a\xe6\x21\x18\x8f\x15\x6c"
	"\xc6\x74\xad\x5b\x19\x1f\x62\x8e\x9c\x3d\x2c\xc7\x22\x5d\xb4\xc3"
	"\xac\x0a\x75\xa9\xcd\xa7\x4f\xcc\xa6\x5c\xe2\xa8\x63\x4c\xd6\x27"
	"\xd3\xa9\x92\x71\xf3\x7a\x2f\x94\x22\x53\x51\xce\x70\x18\x97\x9b"
	"\xb9\x87\x0e\x7a\x5f\x92\x9f\x2f\x31\x3b\x64\x15\xb8\x9b\xb7\x0a"
	"\x73\xe1\x9c\xfb\x9a\x5e\x70\x38\x86\x57\xb4\xfa\x2c\x77\xba\x99"
	"\x93\xda\xc1\x86\x5b\x68\x39\xd7\xf1\xbb\xbd\x38\x2a\x4d\x7e\x82"
	"\x5e\x2f\x6f\x4f\x27\x9a\x05\xcb\x73\xc1\x74\x6f\x29\xda\x03\xe7"
	"\x68\xf4\xc5\x40\x46\x54\xf5\x29\x5d\x3d\xb0\xa5\xdb\xf0\x4d\x0f"
	"\x66\xbd\xfe\x44\x7b\xf2\x90\x75\xbb\x48\xb0\xfa\x92\x0d\x26\xf6"
	"\xde\x57\x63\xf3\x06\xeb\x6e\x25\x97\xeb\x9f\x57\xd7\x9c\x13\xf6"
	"\xb4\xfc\x04\xdc\xeb\x0f\x94\x6c\x54\x49\xb7\x75\x25\xba\x81\x47"
	"\xb5\x15\xfc\xd9\xd6\x55\x5d\xce\xcc\xc7\x8a\x2e\x7b\x7d\x13\x86"
	"\x19\xc1\x00\xac\x65\xba\x24\xdc\x68\x30\x34\x2d\xcc\x72\x2d\xee"
	"\xae\xaf\xaf\x59\xbf\x8f\x3b\x67\xa3\x31\x2e\xdb\x92\x5b\xdc\x5a"
	"\x98\xb9\x60\x30\x32\x1f\xde\xd6\x71\x7a\xf1\xa9\x8c\x11\xa5\xd9"
	"\x87\x50\x0b\x06\xd7\xae\xf8\x5c\x80\x78\x52\xa9\x47\xb2\x52\x36"
	"\x19\x15\xe8\x63\xad\xa2\xd9\xa5\x09\xd6\x36\x53\xca\xfb\x05\xed"
	"\x93\x46\xd1\xfb\xc5\x62\x66\x94\x9b\x5a\x82\x72\x1c\x84\x5d\xf9"
	"\xdc\xce\x8e\x9d\xe0\x8d\x5d\x89\x57\xd6\xb8\x93\x0f\xff\xe1\xa7"
	"\xaa\x6e\x60\x11\x4c\x57\xe0\xa0\x45\x98\xd2\x5a\xf4\xed\x2e\x4a"
	"\xf1\x14\x70\x31\x22\x4b\x46\x8a\xd7\xb4\xd8\xa3\xfe\x5c\x85\x98"
	"\xb2\x8e\xd2\x1f\x6f\x17\xd7\xf4\x74\x3a\x0b\xdc\x90\x13\x0a\x8f"
	"\x09\x7b\xa7\x59\x79\x8a\x15\x12\xa3\x23\x41\x47\x93\x68\xe0\xe8"
	"\x68\x4c\x46\x32\xba\xdb\x08\xc6\x2c\x19\x0b\x06\x65\xff\xc4\x87"
	"\x29\x05\x52\x18\x3e\xd0\xaa\x44\x71\xb8\x2e\x83\xc2\x9c\xac\x13"
	"\x0c\x1a\x89\xea\x62\xc9\x8b\xd4\xb2\x53\xe4\xda\xde\xec\x9e\x0a"
	"\xed\xc5\x96\x99\x23\x50\x82\x7b\x77\x2a\x43\xb8\xf4\x2d\x1a\x87"
	"\xc0\x9a\x1e\x65\x69\x7d\x85\x74\x3e\xd2\x13\xb5\x83\xe8\xc9\x0b"
	"\x6f\xd0\x09\x78\x81\xd3\x7a\x7d\x77\xbf\xda\xf0\x02\xdd\xfa\xfa"
	"\xe6\xc4\xb2\xa1\x4f\xef\x4e\xa7\x24\x7f\x7d\x97\xe2\x0f\x9a\x05"
	"\x2b\x20\x35\xe8\x02\x7c\xfd\x87\x8d\x9d\xe5\x67\xa0\x13\xa4\x8a"
	"\xcf\x9a\xf5\xcd\x7a\xb9\x4c\xf2\x3b\xb9\x5e\x2c\xd2\x25\x7c\x5a"
	"\xa7\xf9\xab\xbb\x98\x7f\x0e\x05\x3d\x29\xdb\x7d\x81\x83\x4d\xda"
	"\xf3\x16\xae\x44\xbb\xdd\xf7\xa7\xa3\x78\x62\x45\x0a\x83\x9a\xcd"
	"\xe2\x7a\xb1\x90\xbc\x0c\x46\x84\x32\xbc\x41\x6b\x98\xe5\x2f\xae"
	"\xb7\xbc\x8c\x55\x16\x92\x6c\xbb\xb7\x7f\x40\xa2\x5b\xa4\x85\x70"
	"\xb3\x66\x25\x2a\x1b\x79\x2a\xf8\x9a\x3c\x26\x1f\x47\xa8\xa4\x4e"
	"\x3d\x24\xf8\x76\xcb\xe4\xf9\xb0\x69\x26\x3f\x13\x37\x25\x9e\xd9"
	"\xa9\xc5\xf5\xa9\x61\xc2\xbd\x5a\x01\xab\xb3\x96\xfc\xcb\x0f\x68"
	"\xd5\x1b\xc5\xf2\x4f\xa0\x94\x56\xb0\x98\xc2\x2a\xb3\x6c\xf1\xdf"
	"\x54\x4f\x82\xd6\x76\x7f\x7f\x5b\x52\xb6\x42\xd3\x78\x51\x10\xf0"
	"\x03\x33\x51\x86\x10\xec\x48\x04\x1b\xbf\x08\xf0\x9c\x90\x18\x63"
	"\x5c\x20\xad\x6c\x9a\x48\xca\xfa\x77\x42\x04\x6a\x20\xd7\x81\x54"
	"\x17\xbe\xae\x0e\xaf\x72\x63\x29\xa3\x33\xdf\x23\xd9\x68\xb9\x2e"
	"\xf4\xe6\x98\x82\x04\xc1\x35\xc5\xce\x7b\x18\x0f\xaa\xdd\x65\x05"
	"\x8c\xb4\x0b\x8f\x84\x31\x7f\x9a\xe8\x24\x7b\xc0\xfd\x00\x5a\x3e"
	"\xa3\x2c\x20\xbb\x51\x5b\x61\x98\x40\x28\xe4\xb7\x5d\xb1\x5e\xdc"
	"\x52\x1b\xf2\x85\xbb\x8c\x2b\x04\xea\xfd\xdd\xfa\x74\x62\x1e\x82"
	"\xff\x02\x9d\x70\xfc\x3a\xdc\x1f\x16\x77\x27\x8e\x71\xdf\x2f\xee"
	"\xd6\x62\xca\x95\x99\xb4\x86\x55\x5c\x89\x81\xd7\x2b\x55\x32\x15"
	"\x19\x25\x2a\x59\x52\x0f\x3b\x03\x69\x94\x60\x5b\x68\x2c\xa5\xdc"
	"\xe8\xb4\x50\x56\xde\xaf\x98\x78\x8e\x51\xc4\xb4\xf7\x77\x8c\x7a"
	"\xe4\x89\xac\xe7\x44\x60\x96\xdf\xdd\x9e\x4e\xb3\x42\xf7\x73\x42"
	"\xdb\x62\xb5\xbc\x16\x89\xe6\xab\x70\xe5\x5f\x5f\x53\xcd\x87\xfb"
	"\xca\x26\x59\x7a\x29\xcd\xdd\xfa\x26\xfd\x2d\x2d\x66\x03\xe8\x77"
	"\x35\x19\xb2\xe6\x37\xbf\xd9\x6f\x8c\xea\x26\x49\xdc\xa6\x22\x71"
	"\x5d\x45\xa1\xfb\xf2\x76\x75\xc3\xc7\x88\x88\x6a\x79\xb7\xe4\xa6"
	"\xc0\x46\x15\x0f\xbe\xcf\xdf\x3e\xd0\x96\xb0\x7e\xec\x4f\xf1\xab"
	"\x54\x63\xea\x6a\xb9\x5e\xaf\xf9\xd9\x2a\x97\x8b\xfb\xeb\xc4\xa7"
	"\x7e\x16\xfb\x76\x6f\xc8\xb1\x7e\x5a\x2f\x6f\x16\xd7\x7d\x6a\xb6"
	"\xdb\xbc\x3d\xa2\x28\x99\x63\x98\x51\xe4\x11\xf6\xa8\xe3\x91\xf1"
	"\xf3\xa1\xd0\xce\xd4\xc9\x02\x40\x6d\xb8\x5d\x9c\xf8\xb1\xae\x9b"
	"\x5d\xaa\x9a\x46\xab\xb6\x15\x3d\xe7\x11\x41\x91\x43\xb1\x9a\x99"
	"\x05\x72\x77\xbf\x24\x2d\x89\x23\x2c\x4f\xa1\x65\x32\xdc\x7e\x39"
	"\x66\x86\x11\x3f\x3b\xb0\xb2\x12\xf6\x67\xef\xaa\x8b\xcf\x0b\xbd"
	"\x87\xf0\x33\x71\x32\x06\xdc\xd5\x43\x31\xf7\xb6\xae\xf4\x2f\xf3"
	"\xf9\x2c\xd2\x4b\xd6\xca\x32\xa7\xad\x70\xff\x51\xa9\x8d\xac\xe9"
	"\x52\x47\xe7\x0e\xc3\x6a\x8d\x0e\x1c\x32\x38\x2b\xc9\x84\x7b\xfe"
	"\x83\x83\xfa\x16\xd8\x21\x7a\xa3\xda\x8e\x39\x2b\x2e\x8f\x3a\xd7"
	"\xea\x34\x57\xaa\xca\xb4\x60\xbb\xa2\x15\xe1\xf6\x1d\xf0\x9c\x8e"
	"\xc5\x30\xfd\xe0\x06\x9f\xe1\x43\xe8\xfb\xf4\x8e\x91\xff\xfc\x94"
	"\x89\xc9\x2c\xfd\x9c\x2d\x96\xd7\x8b\x99\x2f\xb3\x56\x94\xaa\x42"
	"\x07\x62\xb8\x1a\x1e\x59\xe7\xbc\x6e\xc1\x80\x86\xf6\xa3\xde\x21"
	"\x2b\x63\x93\xaf\xe1\xd1\x4f\x1f\xa5\x27\x94\x45\xd6\x17\x45\x3f"
	"\x49\x31\x8a\x8f\xe0\x9d\xb4\x25\x73\x27\xed\x2c\x70\x93\x12\x50"
	"\xe5\xbe\x10\x7c\x0e\xeb\xb1\x8c\x4f\xe4\xc2\x67\xd9\x7b\x50\xc8"
	"\xcc\xb4\x66\xff\xcf\xd9\xb9\x35\xb7\x8d\x23\x0b\xf8\xaf\xb8\xf6"
	"\x69\xb7\xea\xec\x0e\xef\xa4\x1e\xe6\x01\x22\x29\x89\x31\x6f\x26"
	"\x28\x89\xce\x8b\xca\xeb\x78\x67\x52\x27\x89\x53\x89\x53\x95\xfd"
	"\xf7\x8b\x06\x48\x89\x17\x34\x9a\x99\x87\xc4\x36\xfb\x03\x08\x80"
	"\xb8\xa3\xd1\x2d\xba\x29\x7e\x8a\xb1\x40\xfb\xb4\xcc\xaf\xfe\x58"
	"\xbf\x48\x5f\xac\xe7\x8f\xa0\x97\xfe\xf7\xa5\x83\xb8\x7f\xdc\xbd"
	"\xbd\x8a\x08\x5e\xee\xde\xfe\x1c\x28\xcd\xf2\xf7\x6c\xb8\x3e\xae"
	"\xbb\x72\x33\x52\x54\x48\x4a\x8d\xb2\xd3\xd7\x1f\x6f\xa8\x66\x8e"
	"\xbc\x3c\x35\x76\xd9\x23\xfe\x1c\x2e\x5a\x4d\x9e\xed\x76\xca\x0b"
	"\xdf\xd4\x64\x86\x92\xc1\xdd\x5c\xec\xd2\xb3\x22\x94\x93\xd3\xfb"
	"\x82\xd5\x06\xa8\x60\xe0\x0d\x7d\x0e\xc9\x4c\x1c\xbf\xbf\x7c\xfb"
	"\xf4\xf4\xe5\xc3\xdd\xc7\x2f\x6f\x2f\xdf\xfe\xf3\x34\xd3\x82\xed"
	"\xc3\x57\x47\x9e\x9a\xd3\xf1\xae\x7a\xd4\xdf\xbb\x56\xe2\xf4\x34"
	"\x53\xca\x1e\x1e\x63\x1d\xac\x92\xdf\xa7\x8f\xa0\x4d\xde\x9a\x11"
	"\xd1\x8f\x6e\x2b\xad\x42\x76\x5d\x29\x53\x74\xe9\xcd\x25\xcb\xe8"
	"\xd3\x61\xb7\xa6\xae\x11\x6f\x2b\xd6\x4c\x4e\x57\x86\x67\x62\x20"
	"\xd1\xcf\xd8\x47\x40\xed\xfb\xc8\x44\x61\x06\x6d\x34\x49\xbf\x21"
	"\xed\xfd\x56\x9f\x84\x07\x31\x73\x43\x94\x6e\x47\x8c\x63\x07\x04"
	"\x93\xf4\x57\xf9\x9b\x20\xf2\xcd\x64\x7e\x7f\xaf\xd5\x20\xbf\x02"
	"\xb0\xd1\xa6\x4d\xab\xf4\x86\x0d\x95\x19\x39\xad\xbd\x82\x2d\xf4"
	"\x23\x76\x40\x42\x91\x67\x13\x65\xab\xea\x3c\x91\xa1\x22\x72\x1d"
	"\x97\x66\x5c\x97\x7a\x57\x17\xba\xfe\x86\x80\x62\x4e\x00\x75\x63"
	"\x3b\xb6\x99\x29\xd3\x73\x8b\xf4\xc3\x57\x06\x4c\x3b\xc0\x48\x40"
	"\xbc\xae\xdf\x7d\x27\xa0\xb6\x3a\xb3\x33\x7b\x24\xa8\x63\x79\xbf"
	"\x25\xbe\x6c\x25\x7a\x1f\x8f\xf8\xae\x85\x73\x69\xab\x63\x7c\xc0"
	"\xec\x66\x5c\xc9\xae\x25\xdf\x17\xb3\xda\xb6\x3b\xa2\x02\x6c\x91"
	"\x75\xe1\xa8\xdb\x43\xbb\x34\xd1\xe3\x81\x2d\xe9\xc9\x75\xc1\xe1"
	"\x99\x58\x72\x30\xcc\xa8\xdf\x8d\x71\x13\x02\x48\x32\x33\x10\x57"
	"\x5b\x44\x79\xe6\x8a\xec\x77\xce\x3d\x41\x60\xf6\x77\x27\xc4\xa5"
	"\xa0\xa0\x23\xb8\xe0\x2d\x90\xdb\x12\x57\x4c\xce\x43\x59\x4c\x50"
	"\x3c\x4b\xd2\x33\x58\x67\x6a\xcc\x5c\x5b\x20\xfd\xf0\xed\x7d\xbb"
	"\xaa\x89\x53\x33\x73\x66\x4d\x93\x55\xc4\xab\x0a\xb6\x97\xe7\x9e"
	"\x44\xc2\xc1\x31\x71\xd5\x6c\x57\x50\x5b\x86\x1c\xb5\xde\xb0\x36"
	"\x2b\xf7\x64\x11\x9c\xb3\x44\xfc\x61\x86\xde\x1f\xd2\xf2\x70\x24"
	"\xaa\x0a\xe3\xbe\x65\xdb\x66\x06\x86\xf9\xa3\xd6\xbe\xcf\x15\xe9"
	"\xea\xb1\xbf\xc6\xc9\x63\x31\xd7\xc1\x24\xf3\x2b\xe8\x57\x69\xcd"
	"\xa5\x1c\x3b\xbb\xbc\x71\x5d\x13\x1b\xda\xb2\xb4\x19\xdb\xa2\x8d"
	"\x59\x76\x3b\x3c\x6e\xd2\x74\xb4\x15\x30\x7a\x08\x8a\x70\x35\x58"
	"\x27\x98\xde\xc1\x1c\x13\x2c\xe1\x61\x84\x68\xfe\x4f\xb9\x30\x0a"
	"\xc3\x75\xd8\x66\x05\x16\xd3\x4c\x63\x5b\x8e\x8d\x6a\xf4\x4f\x50"
	"\x58\xb2\x5e\x0a\xc4\x54\xc1\x84\x3c\x8a\x11\x3d\xeb\xe2\xac\x21"
	"\xd1\xed\xd1\xb1\x2d\xdb\x5d\xc7\x39\x74\x9e\x61\x8b\xbc\x2a\xd3"
	"\x4b\x16\x97\x91\x8b\xcc\x03\x26\xfc\x63\x14\xb7\xc5\xde\xb6\xad"
	"\x15\x68\xdb\xf2\x7a\xa1\x1b\x66\x60\xbd\x75\x70\xf2\x58\xb2\x1a"
	"\xd1\x49\x1c\x73\x07\x56\xd4\xfc\x90\xad\x88\x31\x4d\xdb\x8c\x86"
	"\xf6\x2c\x67\xdd\x4a\x0c\x2e\xa3\x65\x2c\xa7\xe9\x2e\x76\x2d\x8b"
	"\x2e\xcc\xdd\xf1\x5d\xd6\xf2\x23\xc9\xed\xab\x2a\xc9\xe8\x44\x1e"
	"\xc4\xa0\x80\xd8\xd5\x19\x63\x59\x9e\x39\x98\x19\x99\x31\xc7\x03"
	"\xfe\x18\x06\x36\x9d\xba\x63\xf9\x7e\xc5\xd7\xb8\x6f\x77\x8e\xed"
	"\xd0\xed\x3a\xc5\xc6\x90\x29\x44\xd7\x94\x33\x83\xc3\xca\x73\x64"
	"\x59\xf6\x4a\x76\x4d\x07\x20\xa6\xb2\xb6\x1d\xad\x88\x52\x4c\x67"
	"\xfd\x35\x95\xa0\x28\xb8\x6d\x7b\x34\x96\xe6\x3b\xc6\xc1\xf1\xee"
	"\x0a\x56\xfe\x41\x57\x84\xa2\x0b\x8e\xf9\xa5\xe5\x74\xae\xb3\x32"
	"\xed\x32\xba\xc8\x8b\xfb\xd0\x76\x48\x4a\x4c\xbf\x0b\xb8\x32\x4b"
	"\x7f\xe5\x04\x9c\x06\xfa\x9d\x45\x0f\x1a\xf2\xf7\x26\xdb\x1f\xda"
	"\x75\xe8\x39\xa3\x2b\xd9\xca\xde\xfb\x9c\xb4\xf2\x58\x1e\xab\x3d"
	"\xfd\x02\x5b\x06\x81\x23\x32\x56\xcb\x63\xc6\x84\xd3\x4d\x50\x1e"
	"\x7e\x55\x45\x5d\xf1\xac\x4d\xd7\x65\x2c\x13\x2b\x5a\x7a\x24\x11"
	"\xdf\x5c\x76\x66\xd5\x1a\xd2\xb1\x2c\x6f\x25\xe7\xaf\xe4\xe8\x6e"
	"\x00\xdc\x45\x73\xba\x8f\xca\xf2\x94\x25\x2b\x30\xbe\xaa\x71\xf3"
	"\xd6\x76\x5c\x67\x05\x56\xec\xd6\x24\xee\xd8\xec\xc4\x3c\x16\xbf"
	"\x4f\x38\x81\xbb\x28\xf0\x57\x14\x73\xcd\x03\xdf\x0a\xe9\xaa\xf3"
	"\x3e\x6d\x03\xc7\xa1\x6b\xc2\x7b\x7c\xfe\x3f\xf9\x1c\xd5\xa1\xe8"
	"\xe7\x1f\xae\xce\x55\xfa\xa4\x74\xf4\x33\x44\xde\x4a\xf3\x25\x7f"
	"\xfb\xfe\xf6\x37\xad\x78\xdc\x32\x90\x18\xc6\x48\x6f\x0b\x45\x5f"
	"\x98\x13\x70\x55\xf1\x4f\x42\x34\x45\x06\xa3\xe9\xbc\xce\x90\xe1"
	"\xa6\x6a\xef\xe6\xf8\xd5\x7e\x1f\x89\xee\xce\x97\x63\x9d\x4c\x4e"
	"\xfa\x57\xc0\xbd\xe5\x1f\x79\x69\x6c\x4d\x40\x69\xed\xa6\x49\x6b"
	"\xa9\x01\xb4\x5f\x57\xac\xe0\x0f\x03\xec\x17\x3e\xfe\x62\xe1\x8a"
	"\xc5\x6d\x06\x97\x99\xd2\xf2\x17\x03\xee\x45\x22\x8f\x2b\x26\x7e"
	"\xd3\x50\x27\x31\x2b\xaa\x7e\x31\x0c\x76\x39\x49\x1f\xa2\x8d\x0b"
	"\xaa\x8c\x05\xb2\xae\xbe\x02\x38\xab\xaf\x24\xbf\xa6\xd6\x01\x27"
	"\x25\x6b\xc0\xab\x16\xe2\x8a\xc4\x42\xcd\xc1\xee\x3e\xe1\xa1\x1a"
	"\xd0\x5e\xe1\x87\x5f\x0e\x15\xc3\x09\xc4\xe3\x2f\x06\x83\xbb\x4e"
	"\x8b\xd7\xd1\x85\x90\xb1\x7d\x59\xc1\xda\x19\x5d\xd1\xae\x19\x04"
	"\xca\xd6\x0d\xba\xce\xd0\x5f\xd7\x0c\x2c\xef\x15\xed\xbd\xf6\x16"
	"\xa6\x8e\x05\xbd\x1f\x79\x59\x10\xcb\x4f\xd6\x3c\x0c\xfd\xc0\x43"
	"\x35\x6f\xff\x2a\x8e\x32\x3d\x83\x13\x35\xb0\xcf\x21\x26\xbf\xf7"
	"\xa9\x16\x82\xf3\x81\xb1\xe1\x82\xba\x12\xe3\xcf\x85\xd5\xf7\x8b"
	"\x02\xe9\x33\x01\x8a\x45\x97\xb2\x22\xbe\xad\x82\xaf\xa5\x8d\xe5"
	"\x42\x61\xbb\x2a\x66\xb9\x36\x75\x6a\x55\xa4\xcf\x5d\x75\x62\x5a"
	"\xc1\x01\x4c\x01\x22\xa9\xd7\xec\xf7\x2e\x21\xb0\xdc\x95\x62\xf9"
	"\x57\x29\xba\xec\x5b\x3f\x88\x22\x2a\xff\x57\x78\xe3\x44\x81\xf9"
	"\xa5\x37\x34\x8a\x02\xe4\xdd\xb2\x9c\x44\x8d\x14\xcb\x9d\x60\x45"
	"\x89\x0a\xd2\xf5\xed\x08\x89\x0c\x0c\xb7\x65\xfb\xac\x65\x79\x59"
	"\x65\x3c\xbd\xb4\x98\x3b\xc4\x59\x99\xcb\xda\x1e\x84\xce\x6a\xd6"
	"\x77\xfc\x5f\x89\x77\x6d\xdd\x1a\xc7\xaf\x0b\x63\x0e\xb1\x1d\x82"
	"\x60\xa5\x33\x4a\x51\xbc\x36\x49\xb2\xe6\x5d\x0e\x5d\xe4\xda\xb6"
	"\xb3\x35\x27\x66\xc2\x32\x22\x35\xd3\x88\xff\x42\x72\x2c\x27\xf9"
	"\x4b\x99\xd8\xad\x0d\xa5\xda\x4c\xff\x43\x54\x61\xfb\x2f\x84\xb8"
	"\x9c\x9c\xbf\x12\xc8\x5d\xd3\x9a\xa7\x41\x3c\x6d\xc7\x31\x27\x9d"
	"\x72\x7e\x4c\x0d\x56\x2b\x96\x07\xb8\x2c\x09\x6d\xaf\x33\xec\xbb"
	"\xaa\x0d\xc5\x58\x74\x85\xe8\x9a\x5d\x81\xdb\x82\xd9\x88\x99\xa1"
	"\xfe\xac\xd8\xed\x2c\x31\x45\x6f\xb1\xf3\x2f\x45\x1d\xb6\xe0\x74"
	"\x07\x35\x5c\xda\x1f\xab\x17\xd1\xc6\xb3\x2f\xf5\xb9\xc1\x4e\x9a"
	"\xae\x1c\x28\xac\x9f\xb2\x6d\x83\xdc\x5b\x57\x9c\xb4\xc4\x23\x4d"
	"\x08\x5f\xaa\x72\x59\x48\x60\x62\xe7\xb0\x1c\x0c\xe6\xa7\x4d\x05"
	"\x8b\x3c\x63\x09\xec\x6b\x87\x19\xc5\x70\x9b\x21\x4d\x6b\x4c\x89"
	"\xe1\x46\x25\x29\x78\x11\x69\x8c\xdf\x2d\x93\xe6\x23\xdb\xd4\x31"
	"\x1f\xbe\x73\x51\x81\x7a\xd2\x04\x76\xed\xbb\x8d\xa9\xa4\xa1\xf0"
	"\x0a\x66\x8c\xe3\x31\x65\x73\x4b\xaa\x33\x22\x2e\x6c\xcb\xf4\x96"
	"\x26\xdd\x83\x26\x0b\x5c\x9e\x93\x9f\x03\xfd\xa0\xc7\x41\x7b\x43"
	"\x53\x78\xa6\x5c\xc4\xbb\xc8\x0f\x3d\x13\x71\x2e\xe8\x4f\x04\x90"
	"\xac\x73\xd4\x67\x6c\xaa\x96\x35\x8f\x70\x91\x8d\xfa\x9a\x49\x97"
	"\xbb\xc6\x76\x9a\x15\x5c\x24\xff\x68\x2c\x5c\x86\xee\xfa\xf6\xba"
	"\x28\xd2\xca\x27\x34\xd0\x0b\x6b\x1a\x66\x6a\x59\x49\x73\x72\x02"
	"\xab\x5b\xd1\x2c\x24\x19\xf8\xab\xc9\xd0\x48\x8a\x95\xa9\x87\xdd"
	"\xfc\x96\x13\xc0\x9d\x3c\x72\xab\x9b\xac\x6c\x67\x53\xc3\x91\x64"
	"\x61\x2c\x64\x01\x88\xf9\x2e\xe2\x76\x61\x06\xee\x10\x83\xe0\x0b"
	"\x70\xb9\x49\x6e\x26\xc1\x06\x61\xa6\xe6\x96\x78\xa4\x6a\x7f\x69"
	"\x40\xd7\x25\x24\xdd\x67\x5c\x17\xc2\xc4\x1b\x8a\x52\x25\xc1\x00"
	"\xbc\xcb\xb2\xea\x34\xca\x0d\xc6\xf5\xa7\x42\xc6\xfc\x96\xec\x94"
	"\xed\x95\x75\x71\xa5\x68\xbc\xd0\x87\x3a\x3c\x7d\xfb\x20\xcd\x0f"
	"\x67\xbf\x55\x77\x83\xe5\x9e\xeb\x4e\x67\x33\xd5\x6f\x91\x0f\xe0"
	"\xff\xf9\x2d\xe5\x19\x01\x26\x98\xef\x0b\xdd\xaa\x57\xc9\xf3\x6c"
	"\x5b\x73\x67\x19\x73\xc3\xce\xa6\x58\xd5\x3d\x72\x11\xd2\x00\x09"
	"\x69\x81\x99\x29\xe9\xa3\x69\x62\x22\x0e\x56\x6f\xcd\x80\x52\xef"
	"\xe1\x98\x06\x36\xba\x11\xbb\x67\x45\xaa\xb5\x05\x17\xff\xf9\xf4"
	"\xed\xe9\x19\xfc\xe6\xde\x2c\x33\x0e\x93\x96\xe9\xfd\x8b\x93\x56"
	"\xaf\xbc\xcc\xba\x4d\x74\xa9\xdb\x47\x3e\xbd\x3f\x07\x06\xe0\xe4"
	"\x63\x34\x33\x0c\xe6\xbf\xa5\x32\x5b\xdd\x20\x4e\x60\x2e\x7b\x8e"
	"\x2c\x62\xc1\x40\xb0\xa8\xd1\x5a\x73\xdf\x79\x02\x76\xbf\xc0\x82"
	"\x32\xd8\x9e\x9e\x9a\x7e\x3e\x15\xd3\x4b\x0e\xca\x82\xd4\xcb\xb7"
	"\x8f\x4f\x9f\x96\x26\x07\xfa\x64\x4a\xbb\xae\xf1\x74\xbe\xd1\x8b"
	"\x22\x67\x3a\x8f\x50\x86\x33\x5f\xbf\xfc\x53\x0a\xbe\xab\x78\xa5"
	"\xf9\x03\x8d\xb5\xbd\x3e\x0e\xa8\xb3\x62\xc9\x6e\xd9\x96\xa9\xac"
	"\xae\x94\x6d\xa2\x86\xa4\x4a\x7b\xe4\x70\x83\x6a\x7e\x1f\x60\x1e"
	"\x40\x4c\xc3\x5d\xec\x9e\xe9\x04\xe9\x4c\x08\x38\xa4\xc8\x67\x27"
	"\x0b\x53\x62\xba\xb5\x34\x7a\x78\xe9\x8d\x57\x68\x0a\xb7\xe0\x05"
	"\x1e\x21\xb8\x93\xd8\xa7\xe3\xeb\xdc\x33\x81\x18\x9d\xf2\x9d\x72"
	"\xd4\x34\xdb\x89\x9c\x83\xca\x6e\x2f\x6e\x44\x63\xce\x1b\x53\x7c"
	"\x39\x18\xab\x3c\x8f\xe3\x12\xb9\x39\x76\x25\xec\x20\xe3\x61\x67"
	"\x2c\xf0\xbe\x47\x7a\xd7\xb2\x3d\xea\x0c\x64\x8a\x52\x58\xb6\xeb"
	"\x82\x2e\x30\x56\x84\xfe\x5e\x5a\xcd\xc9\xc8\x58\x13\x9b\xc4\x3b"
	"\x9e\x5f\xf2\x9a\x8a\x24\x86\xeb\xde\xac\xdf\x41\x88\x45\x5b\x6e"
	"\x4c\x34\x58\x8f\xc2\xec\x54\x8b\x9e\xec\x22\x87\x25\xfd\x54\xe1"
	"\x70\x8a\xc1\xc1\x2b\x62\xe0\x05\x76\xf0\x45\x1f\xa5\x37\xd4\x79"
	"\x38\x8b\xa1\xa3\x4c\xa6\x73\x94\xeb\x43\x69\x51\x54\x74\xc9\x85"
	"\xf6\x62\xd5\x0d\x83\x6a\xa3\xba\xcc\x41\x6d\xb6\xb7\x00\xf6\xac"
	"\xe9\x9d\x47\xd6\x07\xcf\x26\x2b\xf6\x6d\x2c\xfe\xd5\x05\x76\xc3"
	"\x30\x7f\xd4\x59\xe5\x4e\x3e\x3e\xfd\x31\xb2\xf9\x3b\x74\x9b\x19"
	"\x03\x5b\x7e\x6c\x74\x21\x50\x3e\x92\xa6\x85\x8f\x7c\xe2\x95\x13"
	"\xf2\xb2\x63\xbc\x8d\x4f\x75\x82\x78\x81\x61\x09\xaf\x9b\x7a\xb2"
	"\xc6\xed\x1f\xa1\xfb\xe5\x10\xac\x49\xb6\xfb\xdf\x3f\x8f\xf2\xbf"
	"\xf5\x0d\x96\x54\x27\x18\x0c\x9b\x5c\x33\x11\x19\x95\xa5\xfa\x5e"
	"\xcd\x91\xb7\xd2\x4c\x9e\xf2\x5a\xb0\xd4\x44\x77\x62\x8d\x02\xfa"
	"\xd8\x96\xbe\xf8\xe3\x22\x55\x1e\xb3\x72\x57\x4d\x1f\xc3\x01\x2c"
	"\x6b\x67\xcf\x44\xa9\x4e\x0e\x70\xe0\x61\x21\x2f\x44\xa9\x9b\xe6"
	"\x3f\x3e\xbd\x7d\xfc\xfa\xe9\xe5\xa7\xa8\x03\xf0\xf2\xf8\xcf\x8f"
	"\x5f\x75\x63\x09\x04\x63\xcd\x56\x4d\x10\xa4\x47\xc0\xb4\x44\x4c"
	"\xd4\xf7\x6f\x30\x2c\xb1\xae\x80\xf8\xdf\x48\xe4\x6d\xec\xb9\xc8"
	"\xa1\xfa\xc0\xd4\x31\xdb\xf8\x9e\xbd\x82\xf9\x69\x66\xb2\x32\x6e"
	"\x9b\xdc\xc8\x60\x56\x05\x40\x9e\xa4\x6b\x63\x29\xf2\x2e\xae\x73"
	"\x5d\xed\x05\xa2\xf7\x61\x01\xd3\x8b\xe9\x57\x63\xf9\xbe\xda\xde"
	"\x3c\x85\xc0\xd7\xba\xce\x71\xc1\xa8\xea\xdc\x3c\x2b\x54\xa5\xff"
	"\x7e\x7f\x7b\xf9\x7c\xf7\x6f\x30\xdc\xaf\x26\x1f\x77\x7f\xff\xfc"
	"\xfa\xfd\xed\xd3\x7f\xef\x5e\x3e\xff\xfb\xe5\xc3\x87\x97\x0f\x77"
	"\xbf\xf5\xd4\x3f\xc5\xac\xe2\x59\x7c\xfd\x7f\xcc\x3f\x7b\x6f\x96"
	"\x07\xcd\x52\x0c\x76\x17\x8c\x1f\x3b\x49\xc1\xb3\x8f\xf4\x10\x62"
	"\x3c\x3a\x00\x36\x2d\x52\x64\x07\x0d\xa4\xc6\xd7\x94\x55\xc1\x92"
	"\xec\x1e\x95\x57\xb8\x2e\x35\x88\x45\x25\x31\xd9\x97\x04\x44\xda"
	"\x57\xe9\x67\x05\x93\xb0\x0f\xc7\x1a\x8d\xb7\xb9\x77\xf1\x5a\xce"
	"\xb3\xa2\x45\x0c\x6f\x81\x58\x0d\x89\x4b\x0b\xcb\x3f\x45\x9f\xfd"
	"\x45\x4c\xfd\x04\xf3\x1b\x2f\xe0\xeb\x3f\x7d\x78\xfa\x2a\x3b\xf2"
	"\xe5\x65\x19\xf9\x09\xb2\x0a\xae\x36\x1d\x1d\xfc\x5d\xbd\x29\x7e"
	"\xb1\x86\xc1\x94\x53\x64\x6e\xaa\x6d\xd5\xee\x8e\xef\xdf\x5f\x2a"
	"\x8e\xf8\xff\x01\xac\x65\xd0\x21\x9e\xf0\xef\xdc\x66\xe5\xe3\xdc"
	"\x6c\xae\x4c\x74\xf5\xf6\xa7\xea\x8b\xfa\x8c\x8d\x2a\xef\x3c\x53"
	"\xd0\x6b\x1b\x2a\x0b\x6f\x8f\x5b\x5c\x98\xb3\x53\x6a\xa8\xb1\x60"
	"\xc5\x11\xd5\x07\xbc\x21\xd0\x28\x09\x04\x9b\x35\x64\xae\x6e\xdb"
	"\x4a\x39\x49\xb9\xcd\x3e\xea\x0c\x1d\xb4\x40\xa6\x3c\x25\xce\x43"
	"\x68\x17\x21\x75\x76\x57\x3c\x7d\x87\x3a\x12\x5f\xfd\x62\x8c\xae"
	"\xcc\x4c\x22\x50\x93\x3a\xfd\x7c\x08\xc4\x9d\x32\x7b\x2b\xc6\x00"
	"\xcc\x42\x0d\x88\x4d\x76\x5d\x40\x6e\xea\x59\x54\xc6\x87\x7e\x03"
	"\x45\xd0\x0e\x01\x84\x30\x0f\x44\x4d\x64\x0b\x79\xa5\xaa\x21\x2a"
	"\x17\xcb\x21\xc7\x41\xa5\x83\x8d\x07\x14\x78\xd0\xfa\xe4\x95\x12"
	"\x5d\x3f\x02\x02\x31\x39\x8f\x32\x1e\x58\xf8\x5b\x3b\xd4\x5d\xa1"
	"\x94\x2e\xfa\x8b\x89\xf8\xfd\x63\xf9\x50\xd4\x97\xfd\xc3\xac\x54"
	"\xae\x15\xa4\xfe\xf6\xfa\xf6\xfa\xfc\xfa\xa9\xaf\x29\xe3\xb5\x6a"
	"\x2d\x3f\xf9\xec\xf2\x17\x3c\x05\x77\x16\xe0\x48\x03\x3f\x7c\x03"
	"\xaa\xcd\xd3\xc0\xe9\x2c\x54\xbe\x68\x8f\x57\xd9\xd8\x5c\x17\xfc"
	"\x25\x9b\xbd\xf8\x29\x27\x24\xd3\xc4\xcc\x84\x86\x6b\xbf\x07\xae"
	"\xaf\x16\x75\xbd\x9c\xb4\xd6\x6d\x7d\xf7\xfc\xe9\xf5\xf9\xff\x75"
	"\x13\x23\x21\xbc\xd8\x7e\x14\x5d\x62\xb0\xf2\xba\xec\xa9\xd5\x75"
	"\x47\x65\x11\xe8\x0e\xae\xe7\x95\x69\x7b\xae\x1a\x69\x5a\x44\xce"
	"\xdf\x79\x2b\x96\x90\xa0\x98\x30\xba\xf7\xf8\xf4\xe1\xc3\x47\xb8"
	"\x0d\x29\x7a\x78\xf9\xe2\xef\xff\xba\x7d\x88\x7e\x86\x31\x32\x68"
	"\x91\x95\x6a\x42\x37\x02\xc4\x6f\x4b\xc7\x4e\x37\xc1\xcc\xd3\x94"
	"\x69\xd2\xd2\xcb\xc0\xe0\x90\x51\x5e\xc4\xb5\xe3\x72\x2b\x32\x42"
	"\x5c\xe4\x13\x99\x21\x5f\x91\xce\xf6\x2d\xdd\xee\xe8\xf5\x45\x7c"
	"\xb2\x18\xba\xa6\xaf\x7e\x88\xac\xc0\x33\xe7\x01\x98\xc8\xcc\x64"
	"\xf5\x83\x67\xd9\x1b\x8a\x21\xdf\x25\x99\xd0\xcc\x88\xac\x44\x01"
	"\xb2\x26\x1e\x33\x1b\x8a\x01\x83\x16\xb6\x4f\xc6\xd3\xad\x48\xcf"
	"\x06\xb9\xb3\x37\x61\x36\x2b\xe2\xd9\xac\x89\x27\x32\x7c\x68\xd9"
	"\x49\xca\x36\x0d\xed\x59\xf7\xcd\x15\xc1\xb7\x8a\x30\x57\xab\xa4"
	"\x88\x3c\x73\x09\xdd\x57\x25\x33\x02\x79\xd6\x56\x66\x80\xed\x2b"
	"\xbd\x41\xb0\x1e\xd8\x8a\x01\x93\x4d\x9b\xae\x4a\x5d\x7c\xdc\x32"
	"\x5d\x0e\x45\xb2\x67\x15\x64\x68\xd3\x62\xdc\x9b\xd8\x18\xeb\x1f"
	"\xc8\xb5\x31\x98\x44\xee\x5d\xf6\xfa\xb6\x33\x72\xc2\xd4\x5f\xeb"
	"\x9c\x05\xc9\x9a\x87\xb9\xb9\x45\xd5\x2f\xcc\x07\xd7\x51\xb8\xab"
	"\xc6\x9e\x5a\x45\x2a\xaf\x68\x9f\x9f\xbe\x7e\x15\x2b\x0a\x19\x4c"
	"\x33\x65\x93\xe1\x42\xaf\x53\x16\xda\xf4\xfb\xc8\xf5\x75\x3b\x1c"
	"\x97\x27\x67\x86\x58\x41\x97\xe2\x5d\x0b\x3f\xb0\xed\x4e\x89\x5c"
	"\x7b\x44\xd3\x6a\x44\x91\x0d\x3a\xc3\x90\xf2\x43\x7e\x4e\x70\x69"
	"\xb1\x8d\x02\x8e\xe8\xc0\x2a\x40\x8c\x19\xc8\xd2\x41\x6d\xc5\xe7"
	"\x16\x72\xb1\x61\xf8\x08\x31\x72\x88\x2e\xe5\x1d\x64\xd4\x20\xd6"
	"\xaf\x2e\x60\xe5\x28\x73\xfd\xf2\xf3\xab\x18\xb1\x74\x5f\xd1\x74"
	"\x29\xba\x07\x4a\x43\xb6\xe4\x35\x5b\xcb\x22\x00\xc7\x50\x70\x72"
	"\x45\xef\x1a\x01\x38\xc1\x35\x00\x6d\x9d\xc5\x4e\x64\x2f\xb7\xd7"
	"\x8b\x5d\xb2\xcc\xfe\x75\x86\x44\x14\x8c\xa8\xde\x36\x32\x32\x0c"
	"\x19\x73\x6d\xcc\x52\xe5\xa8\x6c\x0c\x1f\xbd\x88\x5d\x37\x8a\x0c"
	"\x85\x57\x67\xbc\x42\x3c\xb0\xab\xcf\xde\x30\xdb\x9b\x7a\x92\x52"
	"\x16\x04\xc4\x6a\x0c\xcf\xde\x59\x9f\x24\xa5\x2c\xc1\x4e\x3a\xed"
	"\x38\x25\x93\xf7\xfe\x27\x9d\xdb\xed\xf1\xe0\x3c\xd0\x10\xb5\xe2"
	"\xd0\x56\x38\x87\xe0\xd7\x16\xdb\xf9\x1d\xc3\x05\x72\xf4\x33\x66"
	"\xe4\x00\x53\x23\x2d\x6c\x0c\xe6\x6d\xec\x6c\xa6\x7e\xaf\x90\xe8"
	"\xb0\x82\xd0\x24\x5b\x43\xc9\x06\x3d\x1a\x3f\x46\x22\xd5\x17\x60"
	"\xd1\x2b\xa9\x7a\x54\xed\x76\x98\x9d\x66\x60\x9a\x54\xfa\xf1\x00"
	"\x5f\xd0\x68\x6a\xc0\x3f\x72\xfe\xb8\x7c\x99\x7a\x6e\x98\x77\xd7"
	"\x60\xd6\x11\x50\xd4\x72\xb9\x74\x3f\x99\xc4\x83\xc3\x40\xdc\xe7"
	"\x29\x1e\x0d\x6c\x7a\x82\x69\x4d\xe8\xa5\xb0\xfe\xb3\x8f\xfe\x92"
	"\x70\x27\x44\x1a\xd3\x04\x59\x11\x8b\x63\x44\xf2\x74\x5f\x5d\xd2"
	"\x93\x6b\x84\xf8\x96\x1b\x73\x84\xc9\x07\x4f\x13\x98\x7c\x88\x7f"
	"\xfb\xe0\x84\x98\x92\xef\xc0\xc0\xc5\xb1\xd0\xf2\xac\x35\x90\x63"
	"\x4c\x6d\xc6\x6b\x80\x8c\x8c\x88\x28\xda\x20\x6e\xed\x06\x26\xaf"
	"\xa3\x10\xb9\x90\x37\x20\x68\xff\x70\x7b\x8f\x2c\x21\xf3\x7b\xda"
	"\xd8\x0d\x10\xeb\xd5\x03\xa3\xdc\xa6\x49\x73\x4a\x9d\xed\x05\x7e"
	"\x60\xa4\xd5\x0c\xb5\xd8\x6e\x8d\x94\xf8\x2a\x9e\xed\x77\x34\x83"
	"\xd9\xf6\x19\x31\x8e\x1f\x92\x4c\xe8\xfa\x14\xe3\x47\xc4\xbb\x44"
	"\xa6\x5c\x2f\x34\xd6\x91\x3d\x3b\xee\x53\xd5\x35\x7a\xe6\x42\x6d"
	"\xda\x8d\xe7\xfb\x8b\x01\xe9\xe1\xc7\xd3\xa7\xe7\xd7\xcf\x9f\xef"
	"\xda\x97\xe7\x3f\xbf\xbc\x7e\x7a\xfd\xe3\xe3\xcb\xf7\xff\xbb\xcb"
	"\xbe\x3c\xff\x4b\x2a\x16\xfc\xf1\xf2\x4d\x2e\xa9\x77\x3f\x5e\x3e"
	"\xdd\xed\x9f\x7e\xfc\xa1\x75\xea\x2a\x75\xfa\x44\x72\x1d\xdc\xf7"
	"\x9e\x90\xfa\x46\x69\x8e\x5d\x6b\x13\x32\xdb\x8d\xba\x21\x27\x38"
	"\xb3\xb1\x7a\xe6\x52\x1f\x8b\xfa\x52\xf3\x47\x9c\xf5\x6d\x75\xa1"
	"\x6e\x19\xe7\x84\xf2\xd5\xa6\xc9\xc0\x4d\x0c\x85\x43\xba\x1f\xca"
	"\xea\x54\x19\xf2\xb5\x93\x1d\xae\x4b\x01\x1e\x0e\x3c\xec\x51\xef"
	"\xa9\xbd\x7c\x72\x6e\x99\x07\xb6\x6d\x9b\xca\x28\x32\xe4\x59\x45"
	"\xcb\x0b\x11\x87\xdf\x8c\xf2\x3c\x15\x1f\x60\x07\x5b\x0d\x1e\x82"
	"\x49\xe3\xfb\x05\x51\x30\x20\x86\x5a\x2c\xc6\x2b\x11\x42\x1f\xcd"
	"\xe1\xac\x8f\x42\x1a\x76\x05\x15\xb9\x52\x0c\x91\xfa\xa0\xe0\x46"
	"\xbb\x0f\x3a\xd2\x61\x92\xfe\x14\x5b\xd8\x17\x6e\x87\x37\xa3\x19"
	"\x95\xc1\x87\x74\x82\xfb\x94\x2a\xd7\x24\x13\xcc\x79\x88\x44\x98"
	"\xf3\x01\x7a\x3b\xd2\x50\xc5\x32\x23\x8b\x8a\x33\x11\x18\x94\xdf"
	"\x64\xec\xbd\x6e\xcd\xb5\xc1\xab\x34\xcf\x0c\x19\x4c\x82\xa8\x59"
	"\x02\x18\x11\xbb\xa5\xe5\x70\x2e\xa6\xf3\x16\xf9\x60\xd8\x82\x9f"
	"\x6d\xb0\x2a\x05\x98\xa7\x37\xb1\xb8\xd4\x2d\x31\xaf\x4e\x4a\x93"
	"\xd0\x45\xee\x2a\x8f\x10\x6f\x0d\x12\x11\x48\x01\x26\x19\x56\x30"
	"\xfe\x0a\x26\x58\xc1\x6c\x68\xc6\x25\xd3\xb3\x71\x3c\xc2\xcb\x6b"
	"\xd2\x8a\x12\xa4\x19\x6f\x15\x63\xd3\x4c\xe0\xd0\x4c\xb8\xe2\x5d"
	"\x21\x51\xce\x3c\x0e\x03\xea\x7b\xf1\x3a\x45\xcc\x5b\x5d\x91\xb6"
	"\xab\xcd\x91\x24\x3c\x20\xfc\xf1\x82\x3f\x5c\x22\x25\xbb\xd0\x8e"
	"\x2c\x7f\x47\x32\x91\xb3\xdb\x13\x90\xef\x86\x3e\x37\x32\xfb\xdc"
	"\xb7\x23\x64\x51\x34\x62\x1c\x8b\x62\xc2\xc0\x62\x14\x61\xfe\xda"
	"\x6a\x1f\x07\x31\xaf\x30\x40\x87\xec\x10\xd8\xae\xb9\x8c\x33\xd8"
	"\xa2\x39\x17\x95\x39\xa6\xac\x8d\x42\x23\xf0\x2e\xf6\xcc\x09\x16"
	"\xfd\x5a\x63\x3b\xc4\x07\xcf\xb3\x32\x65\x88\xd2\xc4\x95\x91\xb3"
	"\x25\x9f\x66\x36\x16\xc5\x88\x29\xa5\x4d\x32\x8e\xed\xd3\x8c\xe3"
	"\xd0\x8c\xb7\x22\x9e\xc0\x5a\xc1\x98\xd3\x2c\xad\x5a\xd8\x34\x13"
	"\x58\x81\x4f\x43\xf6\x86\x66\x82\x88\x64\x36\x21\x85\xb8\x76\x48"
	"\x14\x22\x78\x2c\xa6\xba\x03\xc9\xb8\x1b\x9a\xf1\x56\xbc\x8b\xf0"
	"\x04\x2e\x99\x55\x19\x23\x6a\x62\x11\xd7\x2e\x35\x42\xb6\x31\x66"
	"\x52\xe0\xd6\xb7\xc7\xa8\xc6\x62\x5f\x7b\x8a\xc0\x25\x00\x62\xfc"
	"\x10\x00\x19\x83\x4f\x01\x21\x05\x44\x04\x10\x51\x89\x8c\xa8\x44"
	"\x46\x54\x22\x23\x2a\x91\x54\xe7\x22\xe6\x0f\x14\x40\x25\x72\xe3"
	"\x3b\xae\x47\x33\x9e\xbd\x82\x31\xe7\xb7\x8e\xa3\xd0\x25\xba\x1e"
	"\x60\x3c\xc7\x5c\x2c\xa5\x98\xb9\x83\x79\xfb\x22\xe3\x2d\xaa\x2b"
	"\xda\xa3\x71\x2b\xfa\x0d\x97\x64\x42\xa2\x3e\x09\x26\x8c\x2c\x87"
	"\x64\x36\x96\xb9\x28\xcb\x5a\x7a\x6c\x21\x8a\x60\x17\xf9\x1b\x64"
	"\x93\xb7\xc0\x94\x58\xae\xa1\xcf\x05\x39\x60\xf3\x43\x4b\x8c\x36"
	"\x82\x20\x7a\x0a\x41\xb8\x3f\x29\x22\x26\xa6\x66\x45\x6a\x87\xae"
	"\xf9\x63\xa7\x45\x3c\xdf\x23\xd7\x31\x8e\x4d\x33\xc1\xd9\xb1\x88"
	"\x4c\x15\x3c\xf6\xc2\x62\x1d\x44\x34\x3d\x85\x6d\x5d\xa2\xeb\xe6"
	"\x6d\xcb\x43\x9f\x7a\x63\x11\x04\xd4\xb2\x25\xb6\x9d\x28\x89\xc8"
	"\x55\x12\xb7\x2d\x9b\x8a\x8a\x87\x91\x13\xd1\x4c\x48\xcc\xde\x45"
	"\x89\x47\x44\x2d\xca\x4a\xe6\x58\x1b\x12\x21\x5a\x8c\x40\x5c\x87"
	"\x1c\xd9\x42\x73\xd3\x6c\x0f\x45\x4c\x0c\xc5\x6d\x51\xdb\x44\x27"
	"\x20\x11\x97\x46\x22\x0a\xf1\x88\xaa\x0a\x08\x91\xe5\x53\x6b\x3b"
	"\xc4\x0c\xed\x1c\xb9\x61\xe8\xee\x49\x26\xb2\x13\x92\xd9\xac\x61"
	"\x9c\x15\x8c\x4b\x23\x3e\x85\xe4\x61\xe4\xb7\x7c\x05\x15\x94\x64"
	"\xee\x03\x27\x3c\xec\x56\x40\xe9\x94\x1a\x8e\x48\x60\xa4\x9a\x5e"
	"\x1a\xec\x1f\xc1\xbe\x4d\x9b\x71\xcc\xa2\x45\x0f\xa5\x45\xda\xec"
	"\xd3\x12\x6e\x59\xf5\x67\x46\xca\x9b\xf2\xa5\xe0\xbf\x5b\x73\x78"
	"\xd8\xc2\x99\x3d\xae\x76\xcb\x67\xe0\x73\x18\xd4\xe4\xc1\xff\x59"
	"\xcd\x97\xf2\xc1\x25\xf0\xbe\x3a\x81\x1f\xa4\xfa\x72\xce\x78\xaa"
	"\xcb\xc5\x18\xdc\xb1\xac\x11\x1d\x3f\xa6\x28\xa8\x0b\x02\x9b\x62"
	"\xca\x7c\xeb\xea\x20\xfd\x51\x27\x18\xec\x67\xd8\x0c\x60\x08\x87"
	"\xa7\x4a\x03\x1a\xf3\x09\x00\x68\x51\x5e\xe6\xaa\x94\x1a\xee\x96"
	"\xa9\x65\xc1\x82\x3c\xaf\xce\x4a\x2f\x84\x63\x6f\x32\xe4\x71\xd8"
	"\xb3\xaf\x8f\xba\xca\x25\xd5\xdf\x06\x81\xce\x53\x75\x7a\xda\x35"
	"\xe9\x83\xa9\x5e\x9a\xbd\x13\x3c\x54\x4d\xf6\xa0\x7b\x81\xdc\xff"
	"\x63\x71\x9d\xdd\x65\x65\xeb\x7a\x56\x07\x2a\x74\xdf\x3e\xeb\x2e"
	"\xdc\xdd\x54\x8a\xc0\x21\x2d\x78\xf5\x9d\xba\xa7\x1f\x9f\x3f\xe2"
	"\x59\x19\xd2\xdb\x42\x3b\x1c\x54\x60\xae\x67\x15\xcb\x97\x4f\xdd"
	"\x73\xca\x50\x9a\x58\xc1\xb6\x80\x7c\xef\xc8\x46\x13\x3c\x03\x57"
	"\x12\x47\x68\xb5\xb2\xd1\x4f\x65\xd2\xef\x82\xe6\xf9\x36\xce\xa5"
	"\x4a\x94\xbf\x7c\x0c\xfb\xd6\xea\x56\xcf\x32\xaa\xb8\xaa\xe0\x2e"
	"\xdb\xc2\xb9\x23\xc8\x87\x4c\xab\xea\x73\x49\xe2\xd3\xa8\xf1\xde"
	"\xae\xe3\x2f\xa2\x98\x5c\xdc\x91\xe9\x12\x25\x5c\x8b\xc8\xe0\x06"
	"\x56\x9b\x23\x05\x01\x95\x2c\x03\x17\xa0\x6d\x6a\x4c\x55\x5e\x1c"
	"\x24\x7b\x4a\x12\xc3\xab\x25\xa9\xd2\x9d\x41\x71\x89\x38\x13\x5e"
	"\x63\xaf\xee\x2e\x59\x9d\xb2\x7b\x43\x7c\x67\xd6\xc6\x87\xa4\xd2"
	"\xea\x64\x83\x27\xaf\x8a\xf3\x6c\x3b\xbb\xc0\xc7\x75\xa6\x54\xb6"
	"\x71\xc1\xb4\x38\x08\x96\x8a\x29\x70\x57\xe7\x3f\x3f\xbe\x3c\x83"
	"\x6a\xe8\xd2\x37\xe4\x50\xce\xbb\x64\xe1\x3e\x04\x9e\xb1\xb8\x8d"
	"\x36\x9e\xaf\xdf\x99\x93\x00\x77\x43\x64\xdc\x1e\xc4\xc8\x1e\x86"
	"\xd2\xb7\x05\x95\x20\x64\x07\x4c\x86\x67\xad\x13\x85\x16\xae\x54"
	"\x2f\x21\x69\x64\x64\x97\xa7\xa0\xe6\x4c\x50\x87\x3c\x46\x4c\x26"
	"\x03\x23\x4a\xd0\xdf\x58\xc8\x0c\x4e\x02\xc9\xc6\x0f\xed\xe2\x7c"
	"\xc2\x5f\xd3\xd5\x8e\x85\x9b\xcb\x94\x05\xdd\xc0\x35\x07\x5c\x5e"
	"\xc0\x2d\x2f\x86\x17\x5a\xc2\x36\x96\x8b\xa7\x11\xc4\xbe\x83\xea"
	"\xb0\x8f\x10\x53\x22\x25\xe2\x1b\xc5\xc8\x7e\xec\x55\xec\x9a\xc4"
	"\x98\xb5\x17\x29\xce\x4b\x3c\x6a\xb1\xc6\x72\xc1\x2c\x8b\x29\x7f"
	"\x03\x63\xca\xe0\x21\x0b\xc4\xa4\x14\x57\x02\x15\x2b\xc2\x4b\xcd"
	"\x78\x16\xbb\xa8\x58\x44\x3f\xbb\x92\x35\x79\xc3\xbd\x18\x2e\x0c"
	"\xe2\x28\xaa\x0b\xcc\x17\xdc\x4d\xee\x9b\xe5\x81\xd5\x19\xea\x51"
	"\x67\x7b\x3e\xb2\xb9\xd4\x03\x61\x18\x18\x9a\x9f\x02\xa2\x80\x00"
	"\x36\xae\x19\x88\x3c\x23\x10\x6d\xac\xd0\x2c\x77\x7c\xb3\x7c\x43"
	"\x84\xdf\x44\xb8\xbc\x0d\x5c\x53\xf0\xb4\xdc\x39\xf6\xb6\xd0\xd7"
	"\x91\xf4\xbd\xbc\x26\x58\xe3\x4d\xdd\x28\x3d\x89\x31\xa3\x91\xf7"
	"\x32\x51\xa4\x49\xdb\x23\x2a\xac\xe3\x9d\x2f\x9a\x99\xce\x0c\x14"
	"\x88\xe5\xfd\xac\x99\x16\x34\x3c\x97\x33\x8a\xa6\x2e\x90\x60\x5a"
	"\xed\x69\x99\x96\xd6\xb7\x5c\xfc\x4b\x36\xb1\xdf\xfa\x91\x41\x7e"
	"\x1f\x59\xf8\x77\x68\x4a\xbf\x0d\x6c\x5c\xce\xd3\xd8\x3c\x0a\xf0"
	"\xcc\x0b\x83\x8e\x60\x0a\xdf\xc2\x07\x2b\x7e\xff\x18\x89\x06\xe3"
	"\x18\x82\x23\xc6\xa4\xd9\xb6\xf3\x2d\x62\x94\xe2\x62\x15\x9c\x62"
	"\x45\xbe\x50\xc3\x83\xa7\x30\xb7\x2b\x5c\xd7\xef\xc0\xac\x30\x33"
	"\x0c\x5b\x79\xed\x6e\x0c\x4d\x0c\x34\xa1\x22\xbc\x64\xe5\x8c\xc8"
	"\x50\xc9\x58\x5e\x20\xce\xde\xc0\x5c\xaf\x6d\x21\x3a\x48\xca\x96"
	"\x2f\x66\x74\xdf\x64\xe8\x57\x26\x4a\x02\x86\x9e\x47\x01\x1b\xcb"
	"\x0c\x38\x76\x68\xcc\xb7\x28\x19\xc3\x48\xda\x13\x7e\xe0\x53\x6f"
	"\x89\xcc\x40\x14\x10\x39\xdd\xd8\x16\x05\x98\x87\xeb\x2b\x64\x1a"
	"\x16\x05\x24\x06\x1c\xe4\xa0\xbf\x3d\xe7\x9e\xe5\x1a\x2a\xb1\x00"
	"\x02\xcb\x23\x6a\xf9\x39\xb7\x9d\xd0\x35\x33\x79\xe1\xfa\x86\x7e"
	"\xa4\x8d\x5d\x3f\xda\xe0\x05\xc6\x9a\xec\x7d\x55\x32\x63\x71\x0c"
	"\x8c\xa9\x34\xce\x45\xe4\x19\x86\x5f\x21\x76\x6d\xf3\x14\xa2\x47"
	"\x88\x97\xb8\xbe\x45\xc5\x82\xdd\x8d\x91\x1d\xa3\xb4\x4d\x9d\x84"
	"\xb6\xde\x25\xef\x75\x15\x35\xee\x3d\x6e\x4b\x2b\xec\x1a\xe8\x8d"
	"\x50\x7e\xc5\x41\x53\x88\xed\x53\x7d\x24\xc3\x6a\x12\x6c\x8c\x1c"
	"\x0b\xcc\xa4\xc1\x15\xbf\xaa\x0e\x69\x03\x2c\x70\xb0\xb4\xfc\x78"
	"\x45\xf5\x29\x10\x73\x9d\x3d\xd6\x88\x6e\x14\xac\x56\x22\xa4\xb1"
	"\x8e\xa8\xc4\x77\x91\x09\xc1\x08\x2a\xc5\x8f\x9a\x80\xc4\x34\xd6"
	"\x41\x1a\xee\x0c\xb2\x09\x68\xc7\x4a\xdf\xf5\x7d\x2a\xe9\xa8\xc2"
	"\xea\x0d\xc9\x78\xbe\x71\x2d\x9f\xa6\x02\x27\xb4\x19\x81\xc1\xc0"
	"\x12\xda\x6b\x20\x87\x84\xa2\xd0\xe9\x56\x40\x64\x19\xe4\xaa\x7f"
	"\x58\x41\x05\x61\x40\x50\x30\x43\xf6\xa3\x15\x54\x14\x78\x9b\x35"
	"\x54\x60\xad\xa0\x36\xbe\xb3\x86\x42\xce\x95\x47\x94\x98\xba\x92"
	"\x35\xab\xde\x1d\xdf\xa7\x98\x31\xa5\x11\x76\x8a\x22\x2b\x58\x45"
	"\x45\xab\xa8\x0d\x49\x9d\x0b\x63\xb7\xd0\x6b\x41\x27\x30\x53\xd5"
	"\x77\x0a\xd7\x8d\x39\xe2\x4d\x52\xab\x94\x15\x15\xe6\x7e\x70\x46"
	"\xe6\x6c\x9b\x6d\xb7\xe6\xb4\x49\x2e\x4e\xb6\x48\xc2\x40\x0c\xaf"
	"\xdb\x12\xef\xe3\x62\xc2\x69\x05\x54\x2b\x14\xc3\xb6\x6f\x63\x1e"
	"\xae\x27\x58\xe0\xb8\xe4\x37\x54\x13\x27\xc7\x5d\x85\x85\xdd\x1a"
	"\xcc\x5e\x95\x36\xdf\xf1\xa8\xd8\x4e\xe8\x8d\xe2\x51\xad\x4f\x0b"
	"\xd1\xd1\xc7\x04\x15\xd7\x8d\x4b\x23\x1e\xf8\xa7\xe1\x97\x3c\xa9"
	"\x68\xf6\x70\xb9\xdf\x72\x4e\x70\x4d\xba\xdb\x23\x96\xff\x47\x39"
	"\x00\x9b\x5d\xbb\x6e\xfe\xda\x65\x64\xb5\x6c\x00\xfa\x3a\xc6\x6b"
	"\x73\xf3\x01\x3b\x16\xba\xbd\x56\xb9\xe7\x30\xb1\x8c\xdd\xc4\x98"
	"\x49\x4c\xe9\xa6\x79\xa4\x26\x7c\xdb\x50\xfc\xfc\xf2\xe1\xe3\xd3"
	"\xdd\xf3\xeb\x37\x8d\xeb\x5b\x15\x2a\x66\x05\x58\xf8\xba\x05\xbe"
	"\x4d\x6a\xa4\x5c\xb9\x48\xbc\xb4\x27\x83\x52\xb3\x22\x7b\x5b\xdd"
	"\x23\x74\x19\x5b\xc3\x12\xb8\xd9\xb8\x8c\x69\xc6\xf1\xa4\x59\x41"
	"\xc5\x69\x4c\xa6\xea\x66\xe0\x69\x99\x9a\x9b\xec\x92\x9c\x74\x3d"
	"\x89\xf4\xda\x30\xf5\x91\xa1\x1e\x9d\xbc\xdc\x01\x47\xf7\x60\x38"
	"\x8c\xd5\x99\x4e\x3c\x31\x7f\x28\x9f\xb2\xe4\x84\xce\xf3\x14\xa1"
	"\xe6\x78\x45\x56\x4a\xef\xda\xe5\x3e\x1d\x6d\xc3\xcb\x57\x8a\x46"
	"\xe5\x40\xc3\x9a\x59\x6a\x90\x32\x69\x05\x1b\x3c\xf4\x5d\x62\xf1"
	"\x9b\xee\x14\x42\x64\x72\xb1\x7b\x0c\xcf\x8a\x42\xeb\x5f\x1c\x44"
	"\x65\x3a\xd2\x3b\x97\x2c\xeb\x44\x46\x58\x0d\x7e\xca\x7f\xb7\x83"
	"\x69\x44\xe0\x3e\x0d\x76\x3e\x65\x0e\xf4\x6d\x50\x62\xd2\x9a\x12"
	"\x4f\x63\x69\xe2\x33\xaf\xa0\x69\x23\x6e\x38\x01\x3f\xe6\xe9\xb2"
	"\xdc\xfa\xab\xc9\x50\xbd\x35\x87\x31\xea\xfb\x4a\x27\xf7\x68\xfd"
	"\x10\x85\x76\xbd\x23\xfc\x3f\xd2\xae\xac\xb9\x6d\x5d\x49\xff\x15"
	"\xd5\x7d\x98\x4a\x6a\xee\xad\x70\x11\x29\xea\x4e\x9d\x07\x08\x24"
	"\x25\xc6\xdc\x4c\x80\x12\x9d\x17\x96\x8e\xa3\x24\xaa\x71\x6c\x97"
	"\xec\xcc\x39\xf9\xf7\x83\x06\x45\x89\x5b\x03\x9a\x9a\x87\x38\x36"
	"\xfa\x63\x13\x6b\xa3\x09\xf4\x72\xbe\x35\x61\xe3\x41\x53\x85\x31"
	"\x69\x10\x58\x9c\xab\x86\x2a\x37\x3f\xb1\xc8\x10\x91\x04\x37\x36"
	"\xcd\x12\x54\xf0\x50\x06\xfe\x10\xbd\x58\x10\x15\x0f\x19\x48\x27"
	"\xf2\x69\x6d\x57\x72\xa2\xa0\x20\x35\x8f\x95\xee\x1d\x74\x9b\xab"
	"\xf9\xa7\x79\x89\xd2\xd6\x71\xb6\x22\x32\x1d\x43\x85\xcc\xc4\x24"
	"\xbf\xff\xe3\xa7\xde\x75\xc8\x3f\xfc\xfc\xf5\x77\x7b\x7f\xf2\xf8"
	"\xf2\xfc\xed\xf8\xbd\x13\x8b\xae\xe1\xd3\x4c\x40\xc1\x6d\x50\x9c"
	"\x96\x62\x22\x24\xd5\xf9\x52\x88\xfd\x31\x1f\x02\xd8\xae\x77\xb5"
	"\xc9\x72\x24\x3e\x8c\x1f\xc8\xa0\xcf\xd3\x77\xac\x1d\x09\x22\x7f"
	"\x5d\x95\xa1\x35\x5a\x96\x30\x39\x2f\x8b\xbd\x99\x9b\xd3\x13\x44"
	"\xe0\xa4\xc3\xa4\x0a\x04\xd5\x1f\xce\xf4\xff\x93\x3f\xd6\x74\xa7"
	"\xfe\x7f\x1e\x3b\x87\x09\x3c\x7c\x9d\x25\x09\xfd\xc4\xc4\xae\xd0"
	"\x06\xb9\xea\xbb\x7c\x24\xac\x06\x22\x44\x8d\x9e\x76\x32\x7b\xc8"
	"\x8b\x40\xc8\x8f\x30\x2a\x92\xdd\xf4\x65\xfc\xa8\x93\x47\xe5\x67"
	"\x71\xdd\x11\x29\xfb\xe7\xc7\xe3\xd3\xd3\xfe\xf4\xfb\x1a\x5a\xed"
	"\xfd\xd7\xb3\xf8\xff\x9f\x82\xf3\xf3\xdb\x0b\xfc\x72\xb4\x1e\xc5"
	"\x5f\xaf\xc7\x7f\xce\xbe\x9d\x5e\x9e\xdf\x0f\xcf\x5f\xdf\x3e\x0e"
	"\x77\x57\xd8\x22\x8a\xad\x8c\xf7\xc6\x82\x58\x2c\xd5\xeb\xeb\xcf"
	"\xdb\x2b\xe7\x44\xa6\xc3\x69\x2e\xba\x7f\x7d\x3d\xbe\x88\x0e\x7b"
	"\x7c\xf9\x2a\xdf\xf5\x7a\x7a\x79\x3c\xbc\xc1\xeb\xa4\x2b\xdc\xcf"
	"\xe3\xdf\x1d\x87\xf5\xc2\x67\x17\x68\x5b\xb6\x3d\x7e\x3d\xbc\x20"
	"\xa5\xc0\x61\xdf\x7b\x41\x9f\x7e\x78\xee\x97\xd2\xfd\xcf\xc3\x69"
	"\x7f\x6e\x6f\x27\x86\xa4\x24\x86\x4f\xfb\xb7\x1f\xc3\xc2\x86\xcf"
	"\xf1\xa7\xa8\xf6\xff\x1c\x7e\x1e\x9e\xdf\x67\x10\x73\xee\x42\x96"
	"\xad\xfb\xd4\x80\xc4\x94\x79\x3d\x89\xa6\xc1\x65\x67\x0f\x24\x76"
	"\xfe\x99\xec\xea\x7e\x71\x72\x7c\x7b\x3c\x88\x11\x79\x3e\xbc\xfc"
	"\x7a\x9b\xfd\x38\x3c\xbd\x0e\x11\xac\x19\x97\xd9\xaf\x37\x31\xa9"
	"\x04\xd7\xb7\x97\xc7\xfa\xb1\x69\x42\x33\x86\x17\x56\x72\x84\xe1"
	"\x30\x88\x4c\xcc\x38\x5a\xf9\x96\xf8\x2c\x6a\x42\x54\xf5\x27\x5d"
	"\x6f\xe0\x78\x99\x76\x6f\xd9\x3b\x85\x10\xf6\x2d\x8f\x83\x69\x1a"
	"\xf7\x89\x67\x2d\x0d\x05\x71\x51\xa1\x44\x53\x50\x4d\x94\xba\xf4"
	"\xbc\xc5\x34\x31\xe1\x96\x51\x21\x6c\x2b\x6a\x19\x96\x87\xd1\x20"
	"\x77\x24\x46\x9b\xa3\xb4\x84\xce\xe7\xcc\x33\xec\x9e\x2a\xfa\xf6"
	"\x2e\x26\xe0\xfe\xf4\x75\xf6\xe1\x6d\xff\x2e\x86\xf2\xf8\x7e\xf8"
	"\x78\x5d\x39\x97\xc1\xe9\x43\x1f\x65\x80\xa5\xff\x9c\x89\x51\x12"
	"\xb3\xe5\x1d\x22\x22\x4f\x3c\x24\xe4\xdb\xbf\x98\x9a\x2f\x40\xb8"
	"\x58\xc4\x5a\x3e\xf4\xfc\xd2\x09\x32\x81\x1c\x95\x1f\x52\x21\xb6"
	"\x7e\xcc\x88\x98\x58\xc7\xc7\xfd\xf3\xa7\x3b\xa1\x5b\xef\x9f\x85"
	"\xf4\xbb\x30\xfe\x44\x65\xa5\x7d\xbe\x9d\xe0\x11\x31\xff\x86\x8a"
	"\x48\x54\xbf\x45\xff\x71\xe3\xa3\xfe\xf1\xfb\xf1\x7d\xff\xd4\xed"
	"\x31\xb1\x1a\x9e\x7e\x37\x8b\xea\xed\x53\x1e\xc7\x97\x15\x13\x50"
	"\x90\xca\x10\x2d\xae\x5d\xc9\xb3\x6f\x62\xa9\xcb\xee\xbc\x48\x01"
	"\x21\xdb\xc5\x6a\x8a\xc4\x5b\x4e\xdf\xf6\x42\x8e\x7f\x08\x52\xf1"
	"\x59\x6a\x99\x1f\xdb\x67\x9f\x7a\x81\x09\xe5\x43\xfc\xe5\xe5\xe9"
	"\x0d\x62\x5e\x09\xb6\x87\xa7\x97\xd7\xd9\xf3\xe1\xaf\x71\x55\xd7"
	"\xa7\xfd\xeb\x8f\xe3\xe3\xdb\xf8\xd3\xc4\x2f\x3a\x76\x32\xe2\x0f"
	"\x48\x38\x2a\x96\x23\xeb\x85\x54\x83\x72\x3f\x17\xb2\xb5\x6a\x03"
	"\xa1\x4e\x6f\x7e\x00\x93\xee\x86\x48\x68\xb5\x2b\x40\x88\xe8\x70"
	"\x18\xe7\xac\x03\xba\x13\x9b\x51\x13\xc0\x73\x58\x8d\x50\x7e\x08"
	"\xa8\x4d\x9c\x00\x07\x81\x61\x6b\xb1\x50\xfc\xc9\xfd\x6a\xd8\x32"
	"\xda\xb7\x3d\xb8\x84\x6f\x39\x0b\xea\x99\x18\xaa\x81\x20\xec\x71"
	"\x68\x22\xc4\x2e\x0c\x24\xc4\x6a\x0b\x61\x51\x8c\x05\x35\x69\x21"
	"\x69\x95\x4b\x01\xb3\xf4\xaa\xdb\x70\x88\xcd\x00\xe0\x36\x7e\x4c"
	"\x7d\x94\x9a\x90\x58\x8c\x73\xc4\x84\xb6\xf2\x30\x65\x06\x36\xfb"
	"\xd0\x6c\x91\xf4\x25\x6f\xb7\xc6\x8f\x10\xf1\x50\x68\x16\xbf\x4e"
	"\x7b\x30\x9d\xb9\x2c\xd6\xc4\x9f\xc5\xc7\x3f\x4f\xb0\x87\x9f\x5e"
	"\x7e\xbd\x1f\x9f\x0f\xa3\x1e\xda\xae\x03\x7c\x4a\x6c\xc5\x70\xa3"
	"\xc4\xd2\x8f\x51\x5a\x41\x89\xf8\x9e\xdc\x89\x96\x22\x27\x5e\x17"
	"\x50\xbc\xf5\x19\x32\xd7\x06\x81\xd0\xce\x45\x70\x3e\x10\x41\x4c"
	"\x48\xf8\x5e\x5a\x63\x09\xef\x5a\xf0\x3a\x2f\x85\x02\x32\x79\x78"
	"\xd1\x42\xa0\x8e\xe2\x07\xcd\x07\xcb\x4d\x90\x9a\xd5\x36\x2e\x14"
	"\x9a\x64\x3c\x4d\xb0\xbc\x34\x81\xc8\x77\x08\xd5\x50\x52\xe1\x59"
	"\x88\x85\x86\x43\xcc\xb9\x8a\x81\x39\xc9\x5e\xa6\x4d\x6a\xb7\x21"
	"\xff\xf8\xf6\xfa\xb4\xff\x3d\xcb\x85\x16\xf1\x34\x9a\x0c\x4d\x86"
	"\x25\x08\x7d\x0f\xea\xb1\x58\xc7\x31\xbe\x38\xcf\x19\xf0\x06\xc3"
	"\x37\x01\x69\x54\x01\x0d\xe8\x92\xd5\x69\x69\x23\x36\x58\x13\xd8"
	"\x08\x12\x45\x51\x1d\x3a\x4d\xb3\x18\x02\x17\x1b\x8b\xe5\x17\x4a"
	"\x34\xe8\xcf\x7e\x54\xc7\xdc\x58\x18\x49\x60\xa0\x49\xa3\x3b\x6d"
	"\x6b\x32\xd5\xd5\xb1\xbf\xc4\x02\x8a\x74\xfa\x4a\xe0\xd6\x73\x07"
	"\x39\x2b\xbf\xe2\xb2\x22\x62\x10\x84\x63\x53\x67\x1c\x4e\xc0\x96"
	"\xba\x4a\x8b\x9f\x84\x65\x69\x44\xeb\xed\xb6\x32\x8d\xd0\xb0\xe7"
	"\xa9\xb6\xea\x05\x61\xf9\x2a\x28\x8a\x07\x88\x5d\x79\x4d\x93\xa8"
	"\x7d\xea\xc1\x8f\xc4\x27\x62\x91\xb8\x9e\x75\x73\xf7\x30\x37\xb0"
	"\x37\xc4\xba\x1d\xed\xda\x9f\x8d\xca\xb0\x6f\x7f\xc0\x23\x44\x5b"
	"\x99\x20\xba\xcb\xea\xb9\xbd\xdb\x86\xe6\x5a\x87\x15\x9b\x69\x5e"
	"\xc7\xf7\xa6\x61\x16\x26\xab\x10\x43\x8c\x11\x9e\x19\x73\x9b\x9b"
	"\x71\xa0\xc7\x47\xbc\x10\x03\x56\xd5\x8c\x2f\x16\xde\x72\x8b\x88"
	"\xa7\x55\x11\xf9\xeb\x60\x62\x39\x5f\x29\xbd\x55\x7d\xd5\x50\x56"
	"\xa7\xe3\xd7\xef\x63\x69\xdf\x9c\x64\x8a\xf7\x92\xb4\x5a\x78\x15"
	"\xbe\x95\x51\x3f\x05\x07\x6e\x5c\x78\xfb\x65\xb2\x12\x9b\x07\xa9"
	"\x7d\x82\xaf\x40\x90\x0e\xca\x9c\x4f\x52\x7a\x41\xe0\xfe\x4d\x94"
	"\x83\xcf\x8e\x9f\x57\x60\x0b\xb7\x0e\xea\x95\xe7\x18\x5b\xbb\x0e"
	"\x77\xe8\x73\xb0\xd3\xe6\x3c\xb5\xe7\xae\x6a\xe4\x0b\xe2\x07\x75"
	"\xce\x3c\x57\x21\x56\xc4\xf6\x2f\xfe\x45\x1e\x66\x5e\xd6\x60\xa2"
	"\xa5\x61\x55\x4a\x3a\xe6\xf0\x07\x74\xbe\x89\xd2\x40\xfc\xa4\xae"
	"\x2d\x7a\xc5\x34\x2c\x05\x34\x63\x9b\x68\x45\x1a\xe3\x82\x85\xbb"
	"\xc0\x81\x62\xe5\x86\x39\x16\xa1\xa0\x51\xb6\x52\x0e\xcb\x35\xe6"
	"\x4b\xd7\x34\xcb\x8a\x2a\x75\x17\xe2\x6f\x17\x8e\x89\xcf\x5d\x52"
	"\xd0\x7c\x5d\xe2\x6a\x4d\x24\xf6\xa0\xbb\xa8\x88\x70\x21\x92\x54"
	"\x2c\x5c\x29\xda\x93\x3e\xf8\x05\xae\x8e\xe4\xb1\xa9\xa8\x5d\x93"
	"\x00\x02\x59\x49\x17\xc9\x1a\xa4\xbc\xc9\xaa\x74\x5f\x46\xc5\xdd"
	"\xc5\xba\x3d\x3c\x89\xcf\xe4\xd9\x9f\xbf\xbe\x7d\x83\x98\xd1\xc3"
	"\x4c\x3e\xe1\xaa\xa6\x89\x0f\xee\xed\xd7\xb5\x18\x42\x86\x47\x1e"
	"\x85\x0f\xdd\xa2\xae\xbe\xd2\xaa\xb7\x52\xd9\x9d\xac\xb5\x60\x11"
	"\x66\x45\x10\xad\x21\xc7\x93\xf8\x74\x4c\x31\x94\x0c\x81\xd2\xa8"
	"\xdd\x0c\xc3\xc0\x66\x0d\x61\x7c\x86\x39\x80\xc7\xcd\xfb\xd1\x06"
	"\xd5\x9f\x38\x34\x16\x8c\xc4\xf6\x4f\x31\xfd\x54\x90\x83\x30\xc2"
	"\x48\x59\x0e\x6b\x1d\x0b\x41\x2f\x00\xcc\xf4\xa5\xb1\x2b\x4a\x4f"
	"\x18\x2d\x43\x94\x8c\x69\x9c\x82\x14\xad\x84\xae\x57\xf1\xb9\x83"
	"\xec\x49\x02\x72\xb6\x0c\x41\xfb\x38\x00\x91\x9c\x25\x01\x0a\x40"
	"\xc2\x42\x08\xd2\xaa\x10\x1f\x35\x6c\x13\x04\x1c\x6d\x19\xae\x04"
	"\x01\x95\x89\x7e\xc1\x0c\x4b\x41\xb9\x5b\x91\x29\xe3\x7a\x42\xef"
	"\x64\x2c\x7b\xb8\xde\x1d\x47\xc8\x81\x42\x79\x0b\xd2\x1a\xf8\x77"
	"\x52\x7f\x00\x2d\x9e\x87\x86\x10\x43\x16\x47\xf6\x59\x89\x49\x98"
	"\xe5\xd9\xeb\x10\x31\xd2\x90\x10\xbe\xb5\x1d\xe3\x7e\x8b\x02\x40"
	"\x4f\xb3\x10\xc9\xd9\xd2\x6d\x44\xf2\x02\x9d\xfb\x99\x35\x4f\x50"
	"\xf2\x76\xbd\xb6\xe6\xb6\x45\xe6\x28\x42\x19\x04\x55\x76\x1d\x28"
	"\x1c\x09\x5e\x03\x85\x76\x07\x64\xa1\x85\xd8\xee\x32\x5c\x23\x1f"
	"\x99\xe7\x7e\x74\x0c\xf3\x2e\x54\x74\x35\xe4\x72\x45\x42\x9b\x01"
	"\x59\xa8\x82\x42\x33\x76\xd4\xf3\xa0\x37\xdc\xbf\xc7\xf4\xb3\xfb"
	"\x4f\xcf\x11\xe3\x42\x1c\x18\x39\x4c\x21\x9a\x64\xa4\x3b\xcc\x38"
	"\xe1\x8a\xbc\xfa\x21\xdd\x00\x26\x7e\xee\x79\xae\x71\x0b\x6a\xa1"
	"\x43\xc5\x89\xed\xda\x48\x74\x96\x01\x6a\xa9\x03\xe5\x9e\xe3\x54"
	"\x1a\x10\x6a\xe5\xd4\xe1\xb3\x75\x2c\x63\x11\xe7\x1a\xd8\xca\x77"
	"\x4d\x63\xa1\xeb\x84\x82\x56\x34\x9d\x8a\xc0\x0c\x5f\xb1\x9d\xb5"
	"\x9f\xad\x7b\xe9\xff\xe0\x6f\x08\xcf\x02\xc9\x59\x84\x90\x9b\x9e"
	"\x65\x57\x8c\xd0\xeb\xcc\xa9\xdc\xd5\x1d\x08\x8d\x4b\x6e\x59\x9d"
	"\x14\xbd\x2c\x2b\xd3\x4e\x72\x44\x36\xf8\xa3\x49\xe5\xd4\x2f\xca"
	"\x69\x32\x2a\xa8\x83\xd8\x1f\x17\x46\x01\x5d\x3a\x5e\xbf\x7c\xb3"
	"\xf3\x83\xbc\x5f\x54\x90\x5d\x12\xf9\x51\xbf\x10\xb2\x06\xc9\xfb"
	"\x91\x2c\x0c\xcf\xf9\xec\x3a\xd4\xcf\xa4\x1b\xff\xac\x2d\x69\xf3"
	"\x74\x0e\x92\x01\x08\x6a\xc6\x18\x9c\x71\x4d\x79\x46\x9d\xeb\xda"
	"\x36\xb4\xf7\xd8\xa6\x90\xc5\xc8\x63\xfd\x3b\xe3\x7e\x75\xe0\xb2"
	"\x99\x92\xc2\x67\x7f\xd8\x56\xb7\xfc\x2c\xef\xeb\x2c\xf6\xfb\xd7"
	"\xef\xb2\x1e\x45\x46\xeb\x70\xc0\x69\x0b\x06\xfc\x2c\x90\xc4\x90"
	"\x0d\x6b\x78\xa5\xa2\x79\xbe\x64\x55\xd1\xc8\xa7\xb2\x52\xc1\x7d"
	"\x09\x57\xc5\x68\x43\xc7\x57\xcc\xb2\xb8\x4c\x92\x07\x94\x29\x81"
	"\x04\x0c\x28\x35\xe1\x39\xd9\x2a\x2a\xd4\xe4\xd7\x33\x5d\x07\x73"
	"\x42\x07\x1e\x79\x39\xf0\x0b\x6f\x32\x6c\xfa\xff\x92\x47\x6d\x9d"
	"\x24\x11\x30\x94\x10\xe1\xb5\x08\xa4\x0b\xa9\xd8\xd7\xbf\x04\x7f"
	"\xb8\xf3\xde\xc0\x0c\x07\xa3\x49\xf0\xd5\x2f\xa8\x49\xe9\x0f\x32"
	"\x74\x9e\x09\x25\x31\x31\x17\xf5\x33\x82\x92\x88\xdc\x2b\x11\xae"
	"\xd0\x3d\x03\x25\x62\x13\x85\x98\x67\x30\x40\x56\xd4\xb7\xb0\xd3"
	"\x8f\x96\x45\x9e\xf9\x3a\xfa\x46\x8d\xe0\x59\x1a\xe0\xf9\x48\xcf"
	"\xa0\x2d\x11\x23\x58\x21\xf3\xe9\xd2\x93\xe0\xde\xd9\xef\x64\x96"
	"\xd1\x51\xc1\x45\x16\x0c\x3b\x1e\x68\x24\x01\x1f\x42\x7c\xa2\x35"
	"\x4e\x79\x02\xa9\x58\x1b\x97\x34\x50\x91\x35\xbe\x5d\x66\x2f\xf4"
	"\x7c\xbb\x09\x37\x0c\xe1\xe9\x70\x78\x7b\xdc\x3f\x1d\x66\x34\x2f"
	"\xdf\x06\x57\x0d\x57\xe8\xcb\x2b\x9c\xe8\xbe\x4d\x3c\xf2\xef\xde"
	"\x25\xf1\xb9\x11\x90\x11\x86\xb0\x02\xaf\x63\x0b\x62\x24\xd2\x63"
	"\xd8\x0d\x98\xdc\x47\xb2\x24\x75\x51\x81\xee\x75\x51\x52\xc1\x40"
	"\x62\x76\x24\x00\x13\x5d\x0a\x8e\x70\x96\x69\x0c\x7b\x77\x82\xdb"
	"\x5a\x49\xbf\x1f\x38\x5f\x36\xc3\xc3\x93\xe3\xe3\xe9\xe5\xf0\x74"
	"\x78\x7c\x3f\xbd\x3c\xc3\xa5\x0c\x03\xa5\x6b\x06\x43\xde\x5c\x1a"
	"\x4f\xe5\x20\x3d\xb3\xac\xc4\x97\xf8\x9a\xa0\x35\xfb\x52\x09\x3d"
	"\x36\x41\x66\xb1\xac\x32\x7c\x7f\x5f\xa4\xc7\xf9\x0d\x7e\x40\x27"
	"\x83\x40\xb6\x33\x96\x2e\x17\x75\x83\x52\xb5\x96\xf8\xa4\x34\x17"
	"\x0a\xa1\x72\x05\xb9\x26\x6a\xfe\x3f\x02\xa2\x89\x87\x3a\xc0\x85"
	"\x81\xc5\xf5\x68\x41\x77\x73\x13\x8b\xed\x73\x85\xcc\x1d\x4f\x07"
	"\x71\x1c\x2d\x17\xd7\xb4\xb5\x90\xb9\xae\xba\x8e\x8d\xd8\x60\x77"
	"\x20\x8e\xae\xba\x31\x75\x5c\x4b\x5d\x99\x95\x6f\x79\x5a\x0c\xaf"
	"\x19\xcd\x94\x10\xca\x6c\x27\xb6\xad\x1b\x30\xf6\x0d\x98\xf9\x0d"
	"\x18\x47\x83\x99\x5b\xf1\xdc\xd2\x63\x1c\xfd\x4c\x6c\x70\xb7\xf0"
	"\x72\xf5\x98\x85\xad\xc5\xb8\xfa\xa6\x2d\x0c\x3d\xe4\xb6\x86\x2d"
	"\xf4\x0b\x0c\x60\x55\xe5\xdd\xc2\xce\x46\xe3\x48\x76\x30\x88\xdb"
	"\xc0\x15\xe2\xd8\xb1\x6d\x28\x64\x98\xbc\x49\x93\xf2\x68\x6a\x7f"
	"\x0d\xd8\xc2\xd4\xcc\x20\x01\x41\x03\xa2\x5d\x20\x9e\x6d\xba\x5a"
	"\x88\xa5\xef\x96\x33\x4c\xd7\xcb\x6b\x9e\xb8\x1a\xd9\x09\x57\x4c"
	"\x90\x05\xd1\xb0\xd5\x15\x13\xaa\xfc\xd2\x73\x34\xe2\x4e\x82\x90"
	"\x43\xdf\x1e\x66\x69\xdd\x00\xb2\x35\xf3\xba\x79\x9b\x7a\x6e\x9c"
	"\xb3\x26\xd5\x3b\x38\xeb\x90\x17\x08\x37\xc3\xcf\xf6\xd0\x4a\xbc"
	"\xf8\x66\x32\x5d\xcf\xd4\x62\x16\xde\x52\x3b\xa6\x12\xb7\xac\x6e"
	"\xc6\xe9\x06\x1f\x70\x9e\x7b\x1b\x3f\xc0\xdd\xc0\x4f\xcc\x5e\x8f"
	"\xdc\xc2\xb0\x01\xde\xc0\xd1\x31\xad\xbf\x6f\x61\x28\x71\x3a\x7e"
	"\x05\x77\x5c\xcd\xfa\x02\x88\xad\x1e\x2f\xb6\xe6\xb1\xa3\xfa\x80"
	"\x90\x20\x79\x26\x5a\xcb\x04\xe3\x61\x84\xc5\x96\xbf\x80\x8b\xf0"
	"\xac\xea\xeb\x35\x1e\xbd\x52\xca\x58\x62\x61\xae\x67\x5d\x8c\x6b"
	"\x58\xda\x2e\x6b\x71\xba\x21\x10\xb8\xb9\xa3\x59\xd9\x8c\x13\x2c"
	"\x2d\x50\x17\xe2\x68\x7a\x96\x47\x42\xc1\x57\xeb\xc8\x9c\x30\xcb"
	"\xd1\xec\x9e\x02\x83\x3a\x36\x77\x31\x0b\xb3\xd2\x63\x2c\x43\x87"
	"\x11\xda\x97\x5a\x36\x72\x9f\x2c\xe6\xa6\x7a\x9b\xe2\x21\x59\x7a"
	"\x0b\x0d\x26\xde\xda\x96\x41\x22\x6a\xd9\xda\x51\xeb\x62\x75\x33"
	"\xe1\x82\xb5\xcd\xaa\xba\x11\x69\x55\xf3\xdb\xeb\x20\xd1\xb7\xd7"
	"\x42\x53\x07\x66\x13\xcb\x5a\x04\x1a\x50\xa3\x66\xe8\x41\x1a\x05"
	"\x7c\x97\x78\x8e\x69\x68\x21\x1a\x95\x57\x42\xf4\x2f\xf2\xb4\x2f"
	"\xc2\x22\x01\x75\x21\x96\xa7\x85\xd8\x7a\x2e\xf6\x42\x0b\x99\xeb"
	"\xb9\x38\xfa\x16\x39\xda\xae\x5b\x2c\xf4\x5c\x16\xae\x16\xe2\x59"
	"\x3a\x88\x67\xe8\x27\xf5\x19\xa6\x9b\xcd\xe0\x72\x6e\x68\x5b\xb6"
	"\x74\x0d\x3d\x44\x5b\xed\xe5\x62\xae\x87\x68\x27\xc5\xd2\x53\xef"
	"\x2b\x5f\xe4\x51\xc7\xd2\xcd\x2d\x4b\xab\x9b\x2d\x1c\xb5\x24\x03"
	"\xbf\x5a\x47\x3d\x7b\x52\x52\x7a\xce\xdc\xd0\x62\x3c\xf3\x06\x8c"
	"\x4e\x40\xe7\x04\x42\xd6\x13\x45\xc3\x9a\x4d\x9f\x62\x81\x64\x3a"
	"\x18\x46\x4b\x35\xae\x51\x07\xd6\x05\xc9\x37\xb7\x03\xa7\xb8\x36"
	"\xa7\xbd\x91\x3f\xb6\xc2\x15\x85\xbd\xcc\x1d\xd1\x35\x19\x08\xe3"
	"\x45\x90\xae\xf9\x66\x3a\xe4\x52\xe4\x17\x64\x37\xf1\xad\x54\x36"
	"\x1c\x3b\xfc\xae\x97\x72\xcd\x31\xd4\xeb\xe1\x11\x0c\x96\xa1\x3a"
	"\x13\x67\x3f\xf0\x04\x99\x83\x75\x18\xf6\x5e\xf0\x38\x2d\xa5\x45"
	"\x97\x02\x51\x94\x53\x47\xaa\x92\x96\xe7\xfd\x50\x6d\x97\xc2\xa8"
	"\xc0\x19\x32\x24\x7c\xb2\x24\x96\x70\x5a\x8e\x92\x57\x41\x7c\x17"
	"\xa5\x48\x6d\x56\x01\xcf\xf2\x3a\x0c\x87\x15\xa2\x1b\x30\x5d\x43"
	"\x79\xd2\x4d\x24\xfe\x52\xd0\xb3\x82\x11\x45\x7b\x68\x56\xae\x09"
	"\x4e\xce\x8b\xcc\x8f\xee\x82\x07\xbc\xcd\x54\xfa\x02\xe0\xe4\xc6"
	"\x65\x07\xa5\x8b\xc9\xb3\xce\x52\xb0\x03\x44\x21\x41\xc2\x6a\x24"
	"\xcf\x9d\x24\xc7\x04\xeb\x53\x70\xc2\xe9\xe7\xe9\x6b\x4a\x33\x9c"
	"\xd9\x17\xd1\x58\x94\xba\x0e\x92\x55\x84\xac\x3e\x49\x0f\x91\xbb"
	"\x77\x20\x6e\xb2\x98\x07\x77\xf8\xb3\x59\xb6\x16\xa2\x60\x43\x12"
	"\x2c\x96\x87\x44\x71\xd7\xb3\x71\xb2\xa8\xbc\x7a\x3d\xdc\x3d\xe0"
	"\xfd\x5c\x52\xb0\x98\xa3\x28\x7d\x47\x62\x2c\xfa\x86\xac\xda\x43"
	"\x81\xdb\xc3\x03\x20\x02\xef\x4a\x9c\xca\x71\xda\x67\xb2\x2a\xf0"
	"\x29\xc6\x77\x51\xba\x21\xa9\xa2\x53\x52\xc8\x56\xcd\x15\x55\x8b"
	"\x29\x9e\x82\x50\xd2\x03\x5f\x41\x83\xe4\x5c\x38\x59\xf4\xe9\x50"
	"\x88\x75\xc8\x09\x11\x5d\x9e\x64\x25\x1b\x49\xa2\x84\x3c\x48\x27"
	"\x5f\x94\x73\x11\x34\x8b\x07\xe3\x1c\x41\x48\xc3\x2c\xe4\x23\xc6"
	"\x59\x2a\xc4\x7a\xf0\x80\x3d\x57\xc6\x3c\x92\xb3\xa8\x2f\xbd\xd3"
	"\x48\x3c\x96\xfa\xd9\x90\x5d\xca\x23\xb4\x8a\x29\x2f\xa2\x35\x4a"
	"\xcd\x0a\xd5\x82\xc8\x49\x0a\x91\x4a\xe3\x4c\xb1\xe0\xf2\x20\x15"
	"\x7d\x97\x72\x05\x80\x93\xf8\x01\x71\xa7\x95\x00\x21\x3e\x07\x36"
	"\x60\x5d\xaa\x90\x2d\xd2\x7e\x95\xb2\x61\xb3\xf3\x22\x4a\x48\xa5"
	"\x18\x1c\xf1\x9c\x62\xba\x17\x19\xa5\x04\xaf\xb7\x90\xd9\xaa\xbe"
	"\x39\xdb\x03\x23\xb5\x66\x62\x43\xe8\x9d\x4b\x8a\xbf\x55\x12\x54"
	"\x26\x49\x8a\xa3\x54\xf1\x3e\x1e\x90\x44\x45\x0d\x62\xb8\x7f\x0e"
	"\x70\x39\x2f\xaa\x0b\x69\xc3\xf0\xfe\x48\xf0\x59\xb4\x06\x73\x6d"
	"\xc2\x14\xbb\x8c\x4c\x05\xf7\x39\x7b\x50\xbe\x82\x47\x8a\x65\x2a"
	"\x24\x1b\x0b\x14\xab\x1c\xac\x5a\xd7\x89\x82\x5c\x94\x8c\x27\x04"
	"\xdc\x35\x70\x01\x0b\x9a\x52\x9d\x33\x5b\x21\x62\xb1\x60\xa9\x92"
	"\x1a\x45\x49\xa6\x10\x93\x55\x24\x56\x03\x4a\xfd\x12\x14\x99\xb2"
	"\x7f\xbe\x3c\xf8\x42\x5d\x52\x48\xc9\x26\x3e\x71\xbd\x29\x57\xb8"
	"\x06\x14\xe7\xf8\x0b\xee\xb7\xc5\x64\xa6\xe2\x49\x7d\xb4\xb9\xbb"
	"\x1f\xe9\xa4\x79\x34\xb5\x56\xcf\xe0\xc6\x8a\xe5\xe2\x3a\xd5\xe7"
	"\x7b\x61\x03\x17\x90\x9b\x49\x36\x4d\x66\xbb\x15\xaf\xa5\x7f\x18"
	"\x27\x2b\x70\xc0\xe8\x98\xbd\xc2\x6b\xb2\x0d\x85\x10\xc4\x9c\x8b"
	"\xcd\xba\xb1\x65\xed\xd3\x47\xd6\x89\xd2\x90\x21\x4b\x7a\x61\xd5"
	"\xe5\x6d\x7e\x41\x37\x62\xbb\x67\xf5\x86\xfa\x3d\xca\x00\x96\xa6"
	"\x42\xc2\xd1\xa0\x4e\x83\xdd\xc5\x57\xfd\xf7\x94\x9f\x2c\x74\xe5"
	"\xf9\x12\xbd\xdf\x8d\x6d\xe4\x73\x30\xaa\x8d\x58\x6f\x3f\x90\x64"
	"\x7d\x1c\x07\xd9\x70\xbe\x56\xd1\xea\xdd\x46\x88\xac\x38\x62\x5c"
	"\x89\x5a\xc5\xd2\xc4\x8b\x71\x74\x1a\x01\x52\xec\xb7\x0c\xc2\xca"
	"\xaf\x21\x75\xa1\x28\x40\x6d\x27\x00\x8c\xe5\x04\x03\xda\x4e\xf6"
	"\xfe\x8a\x84\xd3\x13\xef\xe5\xed\x1d\x1c\xca\x5a\xc7\x46\x7f\xfc"
	"\x15\x22\x9f\x77\x17\x95\x61\xc0\x38\x21\x53\xaf\x82\x39\xd1\x0c"
	"\x63\xef\x41\x59\xee\xaf\xd6\x74\x32\xe2\xc6\x05\xd1\x9a\x6d\x0e"
	"\x1f\x0f\xce\x6c\xf1\x0e\xad\x4a\xcb\x34\x36\xb9\x12\x04\xa9\x7b"
	"\x4d\xb7\x52\x62\x42\x31\x34\x60\x6e\xa0\xc2\x40\x8a\x28\x88\xcd"
	"\xab\xac\x90\xae\xc6\x2c\xf6\x4c\x35\x8b\xc2\x23\xae\xeb\x2c\x17"
	"\x4a\xd0\x06\xac\x65\x21\x10\xc2\x30\xb5\xf5\x65\x68\x1b\xcb\xf6"
	"\x19\x7d\xda\xbf\xbd\x4d\x7d\x5d\xca\xa5\x45\x13\xf4\x0d\xd2\x38"
	"\x0c\x91\xe5\x72\x62\xf9\xf8\xb3\x3c\x19\xbb\x72\xa6\x42\x70\xff"
	"\x7b\x26\xbb\x80\x67\x05\xe4\x8e\xfb\x7a\x78\x05\xff\x58\xf0\x5e"
	"\x67\x94\x45\xb3\x3f\x7f\xbd\xcf\x56\xf1\x1d\xac\xf1\x9a\xf9\xb3"
	"\x9f\xfb\xdf\xad\xa9\xcc\xfe\xe9\xed\x65\xf6\xe7\x61\xf6\x7c\x38"
	"\x7c\x3d\x7c\xfd\x2f\xc1\xf4\xd0\xe3\xb4\x39\x3c\xbd\x4a\xb3\x99"
	"\x9f\x10\xfa\xe7\xf8\xfc\xed\xa5\xbf\xfe\xcf\xb8\xe1\xf4\x3a\x17"
	"\x2b\x0c\xdd\xba\x28\xf8\xb2\xc5\x54\x92\x1e\x37\xc2\x49\x48\x56"
	"\x5a\x5c\x28\x36\x75\x6c\xb3\xeb\xe2\x22\xe6\x63\xee\x57\x5d\x98"
	"\xf8\x9d\x70\x2d\x8a\xf9\x7e\x81\x64\x8b\x19\xc2\x90\x90\x77\x5d"
	"\xd8\xe7\x32\xc9\xd9\x26\xd3\xbf\x96\xc4\xa4\xf4\x89\x16\x96\xa5"
	"\x01\xfe\xf5\xd6\x05\xde\x91\x22\xd1\xb3\x6b\xa3\x65\x88\x01\xa1"
	"\xfa\xf1\x08\x52\xd1\x89\x2b\xd7\x72\xf0\xbe\x2e\x09\x9b\x5c\x6b"
	"\xd1\xcf\xfd\xf7\xe3\xf3\xf7\x4e\x80\x88\xbe\xe0\xf0\xa9\xa7\x18"
	"\x41\xf9\x9d\xa2\x98\x59\x51\x8e\x07\x2e\x95\xcf\x4b\x81\xe0\x17"
	"\x14\x11\xb1\xfe\x8e\xda\xa3\x2d\x4f\x94\x89\x0f\x72\xc5\x5e\x25"
	"\x11\x6b\xe2\xaf\x03\xae\xe0\x5b\xfb\x10\x81\xb3\xc8\xe2\x8b\x83"
	"\x5a\xfe\xb4\x7f\x17\x4b\xf1\xe7\x6c\xfd\xf4\xeb\x70\xde\x50\xda"
	"\xf8\x27\xc3\x8e\x91\x1c\xb2\x70\xc2\x65\x62\x08\xba\x6f\x8e\x31"
	"\x86\xc5\x03\xbf\xe1\x73\xb9\x85\x36\x0a\x9c\xcf\x22\x3f\x20\xca"
	"\xbd\x62\xd1\x3f\x60\xbe\x8c\x32\xb4\x00\x93\xa4\x8d\xf1\xe9\xe4"
	"\x63\x7d\x1d\x05\x79\x3e\x48\x22\x17\xaf\xb6\xa0\x22\xf9\x74\xa5"
	"\x14\xf7\x4b\x8e\x18\xd3\x35\x55\xdb\xb2\x60\xad\xd0\x34\xd6\x19"
	"\x47\xbf\xfd\x25\x42\xb1\x0f\xb5\x4b\x8c\x3e\x2c\x28\x12\x59\xbf"
	"\x81\xc9\x9c\x1b\x78\xb7\xfb\xf2\x04\x00\xdf\x9e\xb9\x1f\x8d\xce"
	"\xb9\xfa\x9d\x00\xc7\x96\x13\xae\xf4\xfd\x96\xe0\x0d\xe1\x05\x11"
	"\x3a\xe6\x36\x5a\x15\x68\x3e\x1c\x59\xd1\x6c\x47\x8a\x22\x52\x20"
	"\x90\x88\x0a\x8d\x3a\xc3\x02\xde\x6c\xdb\x61\x54\xf1\xb2\x18\xed"
	"\x48\x11\x03\xdb\x7f\xc4\x13\x12\x00\x0f\xe2\x21\x7c\xa8\x83\x2f"
	"\xb2\xb3\x2a\x7c\x26\x09\x9d\x13\xfe\xb7\x1c\xb3\xc2\x25\xe2\x86"
	"\x09\x65\x58\xfc\x62\x3b\x86\xad\x05\xcd\xdd\xbe\x95\x4b\xb7\xbb"
	"\xc5\x17\x75\x2d\xc6\x03\x02\xb6\x04\x63\xb5\x9b\x6e\x48\xc6\xb0"
	"\xd3\x46\xa9\x09\x05\x8d\x11\x79\x9d\xae\x16\xdb\xfc\x7e\x69\xcc"
	"\x93\xc9\x15\x96\xff\xf8\xfd\x76\x7c\xdc\x3f\xcd\xe2\xfd\xef\x5e"
	"\x74\x8e\xae\x3a\xd3\xf5\x95\x4f\xb3\xbc\x51\x3e\x69\x10\x6d\x87"
	"\xd5\x92\x09\x7b\xb7\x58\x92\xc0\x56\x48\xd8\x7d\x43\xa1\xae\x38"
	"\x66\x49\xcd\x98\x78\x5f\x7d\x9f\x74\x9c\x16\xa0\xf8\xfe\x5a\x93"
	"\x9e\xd3\xd7\x86\x9d\x09\x08\x4b\xe9\x63\x13\x24\xe5\xf0\x59\xb9"
	"\x27\xc5\xfd\x5b\xb5\x6e\x4b\xa4\xf4\x1e\xb5\x4f\x96\x6a\x94\x9e"
	"\x2e\x48\x4c\xd6\x38\x60\xca\x77\xc8\xfe\x82\xa3\xec\xdd\x1f\x4b"
	"\xc3\x98\xa0\xb7\x9b\x2c\xc4\x1c\x5b\x95\x61\x08\x9e\x01\x56\x67"
	"\x04\x0f\xa7\xe3\xeb\x8f\xc3\x49\x8c\xe1\xf5\x6b\x64\x28\x23\x5b"
	"\x1d\xbd\x44\x62\xce\xcb\xd7\x15\x4a\x72\xab\x5b\xe3\x5a\x6f\x45"
	"\xac\x05\xbe\xc0\x92\xad\x92\x3d\x90\x6d\x85\xee\x9f\xe6\xf0\xb8"
	"\xfc\xdc\xc1\x79\x40\x05\xf1\x05\xbc\x12\xcf\xab\xaa\x20\x34\x28"
	"\xcb\x5a\x58\xba\x81\x55\xc4\xd8\x93\x9b\x28\x78\x69\x28\xbe\xf7"
	"\xe2\x68\x05\xf6\xf5\x19\x13\x5f\xbc\xfd\x6d\xb9\xac\x03\x10\xf5"
	"\xfd\xc2\xb0\x4e\xe9\x60\xfb\x2e\x52\x21\xac\x87\xa8\x04\x7c\xda"
	"\xae\xca\x7a\x8f\x16\x8e\xd1\x3d\xff\x9f\xa6\xac\x77\xe5\xd6\x14"
	"\xf9\x11\x59\x0f\xcb\x68\x2f\xc8\xe5\xb9\x8c\x8e\x9f\x6d\x6e\x13"
	"\x59\x41\x47\x04\x3a\x2a\xba\xf7\xd9\xa8\x8a\x6b\x36\xaa\x61\xc2"
	"\xf3\x61\x51\x3e\x2c\x6a\x7e\x1d\xb6\xb8\x2d\xad\xcb\x60\x1b\xa4"
	"\x63\x71\xda\x92\xc7\xba\xc8\x34\x4e\xf5\xf5\x77\x01\x65\xab\xa0"
	"\x42\x26\xc1\x05\xd3\x0c\xee\xf4\xf3\xc1\x2d\x2f\x11\x20\x88\x1d"
	"\xc7\x02\xae\xc7\xde\x53\x39\x75\xf4\xc0\x5b\x61\x89\x58\x32\xf5"
	"\x8a\xdc\x52\xcd\x20\xd1\x75\xc5\x60\x06\x4f\xf3\x09\xeb\x18\x1c"
	"\x81\x75\xbc\xc6\x73\xbe\x43\x1a\x4d\xc0\x2e\xad\x33\x6b\xb1\x1a"
	"\x94\x04\xc9\x2c\x3b\x81\x9b\xf0\xb7\x57\xc0\x2d\x7d\xbb\xc6\x2b"
	"\xb7\x43\x1c\x9c\x79\x0e\x5f\xb0\xa5\xb7\xd4\x63\xe2\xf4\x62\x1a"
	"\x38\x96\x0e\x1d\xe2\x58\x4c\x74\x89\x23\x79\xd1\x21\x8e\x85\x41"
	"\x87\x38\x92\x0a\xdd\xae\xc1\x64\xc1\x50\x4e\xf0\x87\xbc\x6f\x7c"
	"\x2d\x0b\x6a\x4e\xf3\xe9\x99\xdc\x90\x4b\x8a\x38\xfa\x9c\x9f\x96"
	"\xf9\x3a\xfa\x71\xaf\x2e\x9b\x34\xff\xfd\x7a\xf8\x17\x6d\x62\xd6"
	"\xbd\x3e\x1d\xfe\x3e\x9c\x3e\xf9\x87\xce\x5f\x33\xf6\xd7\xf1\xfd"
	"\xf1\xc7\xd4\x89\x73\xc3\x1d\xc2\xe0\xe6\x91\x0d\x9a\xa5\xe1\xf4"
	"\x3d\x15\x86\x2f\x21\x4f\xef\x87\xd3\xf3\xfe\xfd\x30\x4b\x5e\xbe"
	"\x4e\x86\x2f\x68\x58\x42\x44\xb4\x98\x27\xd8\x45\x93\xdc\x69\x32"
	"\x30\x30\xd9\x45\xbc\x7f\xae\x70\xd5\x3d\x5e\xfe\x92\x81\x20\x9e"
	"\xe0\x15\xbf\x87\x4a\x47\xee\xd7\x79\x16\x47\xc8\xec\x97\x21\xd5"
	"\x1b\xd8\x40\x7b\x1b\x9e\xe6\xd6\xe8\x45\x60\xab\xc4\xd5\xa8\xca"
	"\xb9\x9b\x0a\xd6\x9c\x24\x1d\x01\x90\xef\x0a\x16\xdc\x0b\x15\x71"
	"\xa2\x70\x14\x9f\x31\xa1\xf5\x0a\x32\x5c\x4e\x14\xb5\x6e\xa9\x57"
	"\xff\xd3\x2b\xc9\x0f\x84\xd6\x26\x54\x72\xa1\x96\x43\x4a\x8c\xde"
	"\xfd\x1a\xc8\x9b\x92\x60\xd1\xab\x05\x8b\xe1\x57\x51\x8f\x18\xe5"
	"\x54\x19\xe1\x0b\x30\xb4\x78\xc8\x79\x36\x0e\x89\x2c\xc3\xa9\x36"
	"\x11\x55\x6f\x38\xcc\x06\x4e\xb8\xe2\x0b\x54\x52\x24\xe2\xbf\x68"
	"\xba\xc3\x45\x43\x37\x34\xea\xf7\x9b\x2c\x12\xdf\x85\x20\x91\xc5"
	"\x97\x70\xcf\xa9\xf7\x4a\xcf\x63\x1e\xf6\x36\xc9\x2b\x29\x13\x02"
	"\xbb\x20\x0c\xf9\xb6\xed\xe3\x38\x92\xd4\xbc\x87\xf2\x77\x34\x61"
	"\x1b\xaa\x01\xaa\x22\x3d\x5f\x51\x21\xfc\x3f\xe9\x09\x72\xc5\x0c"
	"\x0e\x61\x24\x01\xcb\x3d\x03\xfd\xbf\x43\x49\xdb\x52\x48\x06\x03"
	"\x25\x97\xaa\x56\x95\xa2\x32\x91\x2b\x16\x3b\x56\x59\x7a\xdf\x8c"
	"\x5d\xef\xa9\x04\xf1\x7f\xbe\xb6\xae\x0a\xd2\x4c\x3b\x34\xd3\x11"
	"\xc5\x2f\x6f\x3d\xcf\xde\xfe\xc4\xe8\x52\x20\x5b\x67\x3f\x60\x7b"
	"\x02\x49\x8d\xef\x26\x98\xc2\x2d\x18\xdc\x0e\x75\x22\x00\xc0\x5d"
	"\x91\x8c\x07\x31\x55\xd6\x04\x4a\xef\x45\x08\x00\xda\xaa\x80\x93"
	"\x86\x14\xce\x6e\x36\x3b\xf8\x14\x4f\xd7\xc1\xd8\x50\x0e\xcc\x3e"
	"\x26\x64\xaf\xe4\x40\x08\x37\x2d\x24\x9f\x46\x03\x60\xb6\x8b\x25"
	"\xe9\x6c\xea\x40\x13\xd7\x46\x2c\x6f\xaf\x00\x47\x01\xa0\x85\x61"
	"\x98\x73\xd3\x9c\xe3\x10\x99\xd6\xc9\x50\xd2\x31\x57\xc0\x0b\x7d"
	"\x89\xc5\x34\x69\x01\x86\x39\xa5\x24\x4b\x32\xe4\x61\x9d\x1e\x82"
	"\x9c\x92\xa5\x63\x2b\x5e\x8d\x46\x9c\x68\xde\x0b\xe9\xd5\xe6\x6a"
	"\xba\xa3\x6a\x18\xe4\x38\x35\x35\x74\x5b\x4d\x77\x95\xfc\x3d\x2c"
	"\xad\x5d\x4b\xc7\xdc\x91\xae\xdd\xe3\x54\x6a\x80\x6b\x2b\x00\xbe"
	"\xd0\x5d\xad\x39\x33\xfa\x46\xba\x3d\x16\xbb\x64\x34\x2c\x97\xa4"
	"\x14\x8a\x79\xe9\x5b\x9e\xa1\x6a\x3a\xb7\x9d\xa5\xa2\xeb\x38\x25"
	"\x90\xc5\x44\x01\x88\xa9\xb3\xc4\x1c\x0b\x2e\xd3\xda\xf9\x1b\xa7"
	"\xdf\x71\xdf\x72\x97\x8a\x3a\x46\xcc\x36\xc3\xd8\x36\x97\x95\x16"
	"\x33\xf0\x09\x18\x48\x06\x79\xf1\xf6\xe7\xd3\xf1\xf9\xbf\x3f\x98"
	"\x1f\xa5\x46\x55\xac\x57\xb3\xb3\xc1\xd8\xaf\x67\x08\xdd\x3a\x61"
	"\xe8\x3a\xfb\x70\x35\x2a\xf9\x38\x92\x2d\x2b\x38\x3a\x4c\xf0\x8a"
	"\x35\x99\x09\x71\x7a\x12\x57\x05\x72\xe6\x2d\xe9\x90\x0b\x4c\xb5"
	"\x60\x85\xb2\x06\x7f\x0c\xe4\xa9\xd4\xf6\x9a\xbc\x13\x5b\x6b\x8a"
	"\xd6\x1e\x1f\x43\x0e\x95\xf6\x3e\x04\x3a\x82\x9f\x8e\xdf\xbf\xf7"
	"\x8e\x24\xbb\xf7\xfb\x43\xb1\xdd\x5e\xfb\x8f\xa2\x8b\xf4\xa8\x99"
	"\x90\xdd\xd8\xd5\x5b\x0f\xb8\x09\x84\x62\xb6\x0a\xc8\x0d\xd0\x4b"
	"\xf4\x19\x3d\x94\x22\xd9\x0d\x7a\x20\x42\x79\xb4\x8d\xf8\x83\x1e"
	"\xa9\x16\x75\x2d\xaa\xb5\xe3\xe8\x0f\xbd\xec\xe6\xe3\xeb\x3b\xc4"
	"\xa1\x7e\x9b\xbd\x37\x7d\x7d\x9d\x7c\xe9\xe1\xfd\xdb\x11\x3e\x27"
	"\xce\x31\xf9\x67\x1f\x60\x48\xde\xf7\xa7\xef\x87\xf7\xf1\xcc\xbb"
	"\x74\x7e\x41\x52\x06\x21\xe4\x6e\xe8\x0a\x3c\x51\x44\x0f\x97\x93"
	"\x14\x31\x2e\xed\xc1\xd2\x80\x63\xc1\x9d\x1b\x15\x33\x6a\xac\x72"
	"\x26\x11\x91\xf8\x99\x46\x2b\x92\x4e\x9d\xdc\x05\x42\x20\x4e\x25"
	"\xab\x09\x06\x81\x1d\xdb\x0c\x3c\x9c\xc2\x41\x5f\x27\x5d\x8f\x28"
	"\x18\xe8\x19\x50\xb4\xa1\x3c\x13\x0b\x72\xb2\xb0\x8d\x50\xf5\x8f"
	"\xd3\xfb\xa3\xf1\x8f\x2e\x40\x10\x79\xb6\xa1\xfd\xa7\xce\x85\x83"
	"\xa7\xae\x39\x81\x38\xc5\x53\x07\x0a\x5a\xba\x15\x8a\x53\xbb\xf0"
	"\x44\xc1\xec\xd8\x46\xc9\xec\x2c\x3d\x00\x46\x29\x0f\xe1\x65\xe1"
	"\xa0\xd6\xb2\x1c\x82\xe6\x4c\x14\x0f\x22\x04\x75\xcb\xeb\x32\x0a"
	"\xea\x61\xac\xa0\x7e\xad\x8b\xed\xe8\x1b\xe8\x62\xa6\x05\x35\x9d"
	"\xd0\xb2\xda\xe7\xc8\x6a\xe5\x7c\x09\x10\xa3\xb9\x2b\xa8\xf2\x90"
	"\xa4\xcb\x2d\xc4\x67\x68\xe4\xb9\x2e\x04\x71\x8c\xe9\x40\x5c\x2c"
	"\xaf\xde\x19\xb2\x79\x48\x3c\xc7\x55\xd7\x37\x21\x95\xbb\xc4\xf2"
	"\xbf\x9d\x31\x05\x73\xa8\xad\x79\x57\xc4\x62\xd3\x42\x12\xf8\xf6"
	"\x31\xd6\x2d\x8c\x90\x6b\xd6\x16\x54\x09\x88\xa3\x44\xe4\x34\x44"
	"\x3d\xdb\x7a\x18\xc3\xbd\x01\x64\xdf\x02\xba\x05\xe3\x69\x46\x63"
	"\x6e\x72\xef\x7f\x49\xbb\xb6\xde\xc6\x71\x64\xfd\x57\x82\x79\xda"
	"\x05\xb6\xcf\xe8\x6e\x79\x81\x79\xa0\x25\xd9\x56\x5b\xb7\x88\xf2"
	"\x25\xfd\x22\x64\x12\x77\xb7\xcf\x74\xec\x1c\xc7\xd9\x9d\x9e\x5f"
	"\x7f\x58\xa4\x64\x8b\x14\x4b\xca\x62\x31\x03\x74\xac\x2a\x51\xbc"
	"\x14\x8b\x45\xb2\xea\xab\xe1\xc1\x98\xdd\xdb\xd6\x6a\x90\x83\x32"
	"\x43\x7b\x8a\x00\xb2\xb5\x3c\xf3\x14\xc5\x27\xb8\x8e\x3a\x13\x64"
	"\x73\x94\xc5\x45\xc2\xc8\xbb\xa5\x58\xc3\x43\x15\xa5\xb6\x61\x0d"
	"\xcf\x87\x12\x72\x06\xda\x7d\xfc\x18\xb6\xbd\x1d\x99\xb4\xd0\xa3"
	"\xd3\xf1\x4e\x9f\x3a\xe3\x53\xd6\x1a\x67\x71\x47\x59\x1c\x7b\x9c"
	"\x65\x5c\x37\x4c\x8d\xf1\x49\x6d\x0e\x4f\xa1\x72\x8a\xe1\xd3\xdc"
	"\x86\xce\x19\x1f\x5d\xcf\x34\x3f\xa0\x3c\x1c\xff\x03\x4a\xc8\x1a"
	"\x9b\x3e\x96\x39\x32\xa1\xd3\xa0\x98\x4c\x5d\x64\x51\xd2\xc0\xfd"
	"\x80\xfc\x40\x7e\x9a\x0f\x28\xff\x90\xda\x96\xfd\x91\x1a\x8e\x09"
	"\x32\x93\xa3\x69\xd0\x3f\x73\xbd\xba\xeb\x8c\xd6\xc3\xb4\x7c\x6f"
	"\x4c\x40\x30\x48\xe1\x2e\x8b\x3b\x2a\x89\x9e\xef\xd6\x73\x92\xc6"
	"\xc9\xc3\x18\xe7\xc4\x19\x9b\x1c\x96\x63\x0c\x4f\x31\x0c\xe4\xf6"
	"\xaa\xd5\xaa\x95\x39\xa9\xc8\x88\x20\x39\x7e\x35\xd2\x3b\xc0\x62"
	"\xbb\xa3\x2c\x48\x10\xe8\x95\x85\xa6\x9e\x35\xd2\xe8\xd9\xbd\xe3"
	"\x8f\x08\x75\x59\xb8\xc1\xc8\x2c\x04\x81\x19\x9e\x61\x5f\x1e\xb2"
	"\xfb\xb4\xe8\x49\xd4\xe9\xf8\x09\x36\x07\x23\xf2\x54\x24\xc6\xc8"
	"\x3a\x00\x1c\xc3\x55\x9c\x57\xec\x2f\x65\xad\x50\x0b\x49\xfd\x1d"
	"\xcf\x05\xd4\x1f\xd7\x6c\x43\x87\xfb\x68\x62\xeb\x80\x02\xd9\x16"
	"\x56\xe4\x5e\x1a\x6b\x61\x27\x60\x00\x76\x72\x3a\xb4\xea\x94\xdc"
	"\xfc\xd9\x6f\x00\xd7\xd7\xa7\x48\x1a\x40\xc6\xd0\xc7\xad\x66\x0f"
	"\xeb\x28\x5b\x48\xb8\xd5\xf0\xec\x9a\x24\x7b\x49\xb2\x2c\x4a\xa8"
	"\x4c\xcd\xa5\x68\x4b\xf0\x6f\x2d\x09\x93\xb1\x45\x88\x78\x57\x92"
	"\x74\x46\x60\x60\xb0\xcc\x28\xdb\x9a\xec\x62\x28\x59\xbf\xcf\xe1"
	"\xf8\x70\x58\xd9\x70\x61\x97\x80\x27\x18\x41\xf2\xb3\xa4\xcc\xfe"
	"\x82\x6c\xac\x7a\xd1\x2e\x12\xdb\x36\x6a\xac\xf0\x06\xa5\x96\xa2"
	"\x0c\xc2\x21\x62\x8c\x2c\x44\x7e\xf8\x2b\x33\x92\x0e\x33\x2c\xa1"
	"\x8d\x75\xba\x48\xab\x11\x1e\x8d\xc8\x70\xe2\xa2\xe0\x7d\xdc\x1d"
	"\xba\xee\xf3\x81\x1b\x0e\x36\x40\xea\xe0\x5c\x45\x2a\xf8\x71\xd8"
	"\x1f\x2f\x92\x28\x13\xfa\x90\x05\x75\x85\x77\x0b\x7b\xae\xdd\xd5"
	"\xb0\xe7\xb3\xf5\xbc\x1f\x8c\xc1\xcb\x03\x77\x22\x49\x0c\x19\xab"
	"\x80\x31\xe5\x77\xb6\x80\x56\x29\x49\xe5\x7a\xa7\xf1\xeb\x6b\xef"
	"\xc6\x64\x64\x4d\xf6\xb3\x2e\x60\xf2\x2d\xa2\x2c\x2e\xf5\xc8\x99"
	"\xc0\x13\x42\xa2\xc1\x11\x9e\xa2\x5c\xeb\xef\xe8\x19\x8d\xfb\x78"
	"\x2d\x49\x19\x85\x62\xc3\x79\x4b\x50\x38\x47\xce\x31\x60\x1e\xea"
	"\x92\x11\x76\xc8\x50\x6e\x94\xad\xe5\xa4\x9c\xe2\x71\x1a\x6b\xae"
	"\xbe\x00\xc2\xf0\xed\xf4\xf5\x72\xb7\xfc\xf9\xba\x3f\x7f\xda\xdc"
	"\x7d\x7b\xdf\xbf\x5d\x74\xd7\xaf\x1b\x1a\x95\x42\xa3\xe0\xf9\x41"
	"\x69\x45\xe0\x02\xae\xfb\xf5\xa2\x8c\x69\x6a\xc1\x05\xa5\x3e\x19"
	"\x61\x0e\x91\xcf\x88\x0e\x4d\x92\x78\x86\x91\xfc\x89\x65\xcf\x10"
	"\xe5\xeb\x4f\x4c\x6b\x8d\x90\x4c\xdf\x8f\xd6\xfd\x1d\x34\xeb\x9b"
	"\xb7\x4b\xe3\x80\x2d\x27\xe6\x22\x4f\x4f\xfb\x1f\xfb\xf3\xe9\x65"
	"\xaf\xe6\xbd\x23\x4c\xa4\x4c\xcf\x42\xfc\x1b\x1b\xaa\xd3\xf7\x03"
	"\x26\xc7\xc7\x1f\xa7\x6f\x3c\xd7\x57\x93\x79\xec\xe9\x74\x64\x9f"
	"\xec\x97\x3f\xf1\x10\x90\x70\x46\x9a\x20\x7b\x2d\x46\xf2\x4d\xf4"
	"\x2d\x13\x39\xce\x65\x24\xcb\x47\xab\xda\xd6\xf3\xf7\xc3\xa7\xe7"
	"\xc3\x79\xff\x74\xe1\x39\x08\x91\x4a\x57\x13\x05\x71\xad\x49\x8d"
	"\xf8\xfa\xf8\xc4\x0a\x39\x3e\xed\x3f\xd4\x72\xd3\x45\x9b\x67\xba"
	"\x68\x1b\x26\x4e\xff\xcb\x21\xaf\xf1\x35\xcb\x1b\xfd\x79\xbc\x7c"
	"\xdf\xbf\x1d\x94\x0f\x4e\x7d\x1b\x2b\x95\x91\x9c\x7e\x28\xca\xfe"
	"\xf2\xef\xd3\xf9\x0f\xde\x43\x3f\xff\xda\x9f\xff\x71\x17\xbf\xbc"
	"\xee\x9f\x79\xfb\x02\xa4\x51\xee\xd4\xee\xef\x03\x09\xeb\xcd\x7f"
	"\xed\xef\xf6\xc7\xfd\xf9\xdb\xcf\x3b\x2e\x65\x20\x85\x71\x20\xbf"
	"\x1b\x4d\x7c\xb7\x5f\x8b\x72\xff\x76\xfa\x01\xe7\xe7\x1f\xe8\x52"
	"\x8b\x4e\xb1\x2e\xb5\x98\x61\x6e\xf6\x47\x9f\xbe\xee\x1f\xff\x78"
	"\x7f\x85\x12\xd9\x67\xf6\x77\x6f\xaf\xfb\xfd\xd3\x77\x09\x5a\x54"
	"\x4c\xf8\xba\x07\x5f\xd0\x48\xcf\xf3\xf9\x74\x78\xbe\xa9\x6e\x42"
	"\x97\x42\xd7\x49\xa1\x82\xf3\x88\x80\x1f\x73\xcd\xac\x8b\x8e\x69"
	"\x11\xf3\x50\xbf\xdb\xca\x9e\x67\xfc\x64\x8f\xe9\xdc\x65\x44\xf4"
	"\x01\xf4\xc0\x13\x90\x72\x13\xe5\xeb\x6a\x84\x6b\xb9\xce\x56\x23"
	"\x2c\x6c\x11\x1c\x64\x98\xe7\x65\x10\xf1\xb5\x12\x56\x24\x94\x8d"
	"\xbb\x3c\xf0\x40\x9d\x3a\xcb\x6b\x1a\x2c\xa3\x90\x19\x28\xda\x48"
	"\x05\x60\x2f\xf2\x3c\xe1\xc9\x4f\x21\xe1\x7a\xdc\xcd\x1b\x26\x3a"
	"\x0b\x78\x66\x79\x4e\x2b\x60\x94\x7a\x4b\xbc\x0a\xef\xb0\x3d\x69"
	"\xb9\xfa\xcd\x34\x8c\xfe\x40\xcd\x72\x0c\xf8\x84\xd9\x6d\x35\xb3"
	"\xd9\x26\x58\x2a\xfb\x05\x1b\xa8\x62\x41\xd8\xb7\x11\x07\xbb\x2c"
	"\x66\xe3\x43\x0b\x04\x07\x43\x04\x6f\xd6\x41\xb2\xaa\x77\x49\x06"
	"\x80\xf0\xab\xed\x97\x12\x4d\x1b\x52\xcd\xf5\x5f\xd9\xc6\x49\xc0"
	"\x1a\x66\x70\x77\x91\x11\x0e\xcc\x7f\x00\x8b\x58\x59\xd1\x09\x76"
	"\x68\xb4\x28\xa3\x07\xcc\xb5\xa6\x88\x1d\x04\x0d\x35\xad\x56\x70"
	"\x4b\xdf\x9b\x17\x8b\xc7\xb7\x3f\xf6\x17\x5d\xa4\x0f\x33\x11\xc1"
	"\xfa\x85\xe4\xbc\x73\x7d\xf3\xa2\x32\x07\x3f\x2e\x7d\x55\x16\x79"
	"\x12\xce\x63\x04\xed\x20\x58\x96\x6c\xb1\xbd\xc6\x49\x0e\xa4\x33"
	"\xbe\x74\xf2\x12\xdf\x1d\x20\x2d\x31\x24\x33\x79\x83\x0b\xb8\xaf"
	"\x87\xa7\x36\x3b\x71\xcf\x45\x1e\x0c\x9a\x68\x57\xb5\xc9\x08\x6f"
	"\xc2\xc9\xef\xb5\x4a\xb6\x1f\xe9\x82\xe9\x17\x32\xaa\x76\x71\xb5"
	"\x2b\xc0\xf8\xd5\x1b\xae\x5d\xa6\x2c\x2c\x80\xf1\x56\xe0\x42\x4e"
	"\x75\xc9\x7e\xde\x52\xff\x81\xc1\x04\x33\x44\xe7\x56\x18\x17\x44"
	"\x8a\x6c\x62\xbf\xf5\x73\xb9\x20\xe8\xbd\x01\xd0\xb6\x61\x0c\x73"
	"\x60\x1e\x47\x0a\xc0\xbe\x70\x0e\x55\x3f\x03\xee\xaa\xca\xa7\x5a"
	"\x7e\xf0\x39\x05\x9a\x52\x2b\xbb\x4e\x97\x31\xd8\xb8\xbb\x07\xac"
	"\x82\x2d\x0b\xdb\x2a\x32\x1d\x90\x91\x05\xea\xbd\x28\x75\x9d\x30"
	"\xfc\x99\x25\x5b\xcb\x00\x1a\xbc\x44\xd6\x89\xe1\x3a\xd5\xb9\xa6"
	"\xb0\x29\x0c\xf7\x16\x49\x9e\xaf\xd6\x1d\xa7\xc2\x25\xd9\x44\x7c"
	"\x9e\x17\x65\xc4\xb4\x41\xc7\x4c\xbf\xe9\x80\x2b\x66\xb5\xc0\x2f"
	"\x0f\x7e\x9c\x9e\xfe\x10\x59\x87\x60\x51\x95\x92\x0b\xdf\xf4\xc6"
	"\x70\x92\x41\xe0\x58\xd2\x70\x35\xa6\x7d\x00\x26\xcb\x41\x20\xb7"
	"\x3a\x6c\x34\x76\x31\xa4\x2c\x99\x0b\xf1\x1b\x91\x99\x9c\x8f\x30"
	"\x21\x68\x6b\x1d\xa6\x20\x0c\xa2\x09\x62\x12\x2a\x6c\x53\x6b\xb4"
	"\x89\x01\x05\xd0\xfe\x1a\xc1\xb0\x07\x8e\xfb\xbc\x8c\xef\x75\x23"
	"\xdf\x51\xe6\x80\x47\xd5\x15\x9a\x0e\x0d\x4b\x11\xd3\x1d\xd3\x40"
	"\x5f\xcd\x34\xa4\x14\xd2\x66\xa2\xdb\xd7\x90\x06\x8a\x00\x97\x45"
	"\xda\xf5\x67\xee\x7c\x44\x0e\xfc\xe3\xcc\xc4\xb5\xa5\xa4\x9c\xfc"
	"\x21\xf0\x92\x22\xa0\x2d\x26\xad\x86\x4c\xd3\x10\x3e\x24\xed\x2d"
	"\x8b\xfb\x7a\x11\x04\xb5\x6f\xf8\xfa\x51\x06\x06\xb6\x0c\x0c\x70"
	"\xc4\x4d\x11\x8e\x81\xa0\x55\xc6\xd7\x6f\x78\x3b\x94\x21\x19\x63"
	"\x10\x25\x20\x77\x73\x3c\xfd\x29\x30\x78\x88\x43\xcd\x95\x01\x3b"
	"\x9d\xbf\x31\x0c\x94\x90\x0c\x32\x84\xa2\x84\xa9\x67\xba\x28\x43"
	"\x32\xc8\xc0\x3e\x21\xfa\x7a\x3a\xda\x8c\x81\x8e\x68\x8a\x18\xeb"
	"\xaa\xe9\x74\x94\xc1\x1b\xfb\xc6\x74\xac\x33\xa7\x08\x82\x60\xd3"
	"\x57\xbe\xe3\xa2\x74\xb6\xe2\x46\xf9\x08\x0f\xac\xd6\x7d\x96\xeb"
	"\x8a\x9b\xb2\xf5\x04\x70\x2d\x40\xd9\xcb\x71\x6e\x6d\x0d\x57\x79"
	"\x46\xd0\x26\xb4\x35\x18\x64\x6a\xaa\x30\xc8\x13\x90\x74\x8c\x65"
	"\x51\xac\x47\xbf\x04\x0b\xf8\x18\x53\x36\x5c\x4e\xd3\xec\x24\xae"
	"\x72\x8c\xde\xb6\x7a\x88\x47\x34\x68\x88\xa3\xe9\x96\x21\x16\xd1"
	"\xe4\x21\x8e\x6c\x94\xa3\xed\x13\x95\x47\x6e\xee\x2c\xca\x16\xa4"
	"\xa3\x30\xaf\x1f\xd7\x10\x9a\x8a\xeb\x28\xcd\xb7\xae\x24\x49\x14"
	"\x9b\x2e\x21\x8b\x1c\xf1\xcb\xe2\xf2\xda\x56\x77\x84\xad\xe9\xbc"
	"\x61\xae\x0f\x14\xd4\x74\xf1\x30\x53\xf6\x11\xa6\xab\x54\xf4\xd8"
	"\xda\x55\x46\x54\x88\x06\xeb\x19\xe9\xac\x3d\xd7\xc6\xf4\x09\xa2"
	"\x72\x9a\x17\x9a\x4e\x6a\x29\xbd\x46\x63\x4a\xfe\xd6\xe2\x21\x0e"
	"\xae\xba\x30\x86\x80\x7b\xfa\x07\xc5\xba\xce\xd9\x88\x2b\x5c\xad"
	"\x8d\xb8\x65\xbb\xb3\x4c\x0e\x20\xb8\x3d\x6b\x17\x6c\x61\x07\x72"
	"\xdb\x90\x9e\xde\xcf\xba\x3d\x07\xf7\x6f\x13\x57\x10\xd2\x13\x66"
	"\x26\xcf\x3a\x96\x27\x11\xe9\x48\x97\x6a\x5a\x31\xf9\x79\x1d\x6d"
	"\x2a\x80\xe9\xec\xda\xc6\x0a\x07\x6c\xb1\xb7\x79\xb9\x22\xa5\x9c"
	"\xbf\x8c\xdf\x4a\x94\x25\xa9\xd6\x8c\xdd\x30\x7c\xd7\x77\xbb\xc0"
	"\x6f\x34\x4e\x00\x61\xf2\xca\x62\x7a\xa6\xc1\xff\x93\x3e\xe4\x39"
	"\x57\x06\x56\xc0\xd4\x32\x25\x33\x43\xae\xc8\x26\xa8\x1a\x57\x2e"
	"\xbd\xcd\x51\x36\x99\xc5\x98\x0a\xf7\xb5\xc1\xd5\x29\x89\x93\x59"
	"\xbe\x53\x3f\x91\x2e\xd7\xc8\xd5\x88\xd8\x36\x0e\x30\xd8\x96\x51"
	"\xa7\xac\x48\x7d\x85\x9a\x7b\x21\x8c\xde\x54\x07\x0b\x7d\x17\x46"
	"\x1b\xd8\x66\x71\x11\xa8\xab\xd0\xbd\x76\x7b\x12\x33\x03\x70\x2d"
	"\x6f\xc5\xc4\xa3\x9b\xf7\x9a\xd8\x8d\xc3\xd1\x1b\xdb\xd6\x72\xe2"
	"\x5d\xf1\xf8\x6d\xcf\xbd\x00\x3b\x78\x13\xd2\xdb\x70\xaa\xbf\xa8"
	"\xc8\xac\x7b\xff\xa0\x52\xea\xa4\x20\xf2\x4e\x4a\xc7\xc0\x76\x5b"
	"\xc9\x1c\x0d\x6a\xe9\xbd\xc2\x46\x67\x33\xa1\x68\x43\x3b\x9c\x73"
	"\x22\x07\xca\x6b\x19\xfe\xc3\xaf\xf3\x57\xd8\xac\x62\x7b\xbb\x2a"
	"\x99\x0d\xbc\x73\xc5\xc9\x22\x94\x56\x4b\x36\x4d\x16\xcb\x81\x3a"
	"\x6f\x3a\x7a\x2b\x9f\x8b\xc7\x6a\xbf\x8a\x6b\xaa\x56\x10\xaa\xb8"
	"\x37\x8c\x1d\xf1\xa5\xe2\x7d\x49\xa4\xe1\x59\xbd\xb1\xd1\x79\xc2"
	"\xe9\x1f\xe8\x0d\xd6\x6e\x7e\xf7\x84\x5f\x8d\x5d\x4b\x83\x92\x78"
	"\x34\xbb\x7e\xe7\xcc\xa5\x39\x21\x5f\x1e\x98\xd8\x17\x85\x72\x63"
	"\xc2\x89\x42\x18\xfb\xc7\xbd\x2f\xa7\xcb\xfe\xf5\x7c\x7a\xd2\x5e"
	"\x1a\x47\x00\x6c\x07\x97\x60\xfd\x17\x5f\x5f\xde\xbe\xf5\xb5\x27"
	"\xdb\xc9\xd0\x4e\xe4\x22\xff\x09\xb7\xbc\xa5\xfa\x4c\xec\xb9\x38"
	"\x16\x43\xc6\xb6\xe0\x9b\x68\x80\x41\x6c\x8f\x30\x2a\x55\x2e\xbb"
	"\xfa\x0c\x05\xa2\xd2\x34\x9c\xf1\x18\x23\xdb\xae\x0d\xb0\x88\x9b"
	"\x31\x9d\x6e\xa4\x7c\x3b\x09\xaf\x5f\xdd\x6d\x58\xaf\xfe\x8d\xfe"
	"\x7c\xbb\xec\x5f\xee\xf2\xe3\x5d\xf0\xfd\xf0\xfa\xf7\xdb\x91\x58"
	"\xa8\xdc\x19\xbd\xc0\xe1\xd9\x13\xcf\xcb\xa6\x5c\x27\xcd\xce\xa7"
	"\xc7\xe7\xa7\xd3\x8b\x42\xeb\xc0\x4c\x32\xeb\xa8\x0c\x52\x26\x3f"
	"\xfd\x3b\x87\x5d\xf1\xeb\x2d\xa9\xdb\xfd\xe9\xcc\x36\xe7\x9a\x4f"
	"\x1c\xfe\x27\xdd\xe9\x9e\x5f\xcf\xf7\x64\x9a\xb4\xc5\x65\x62\x07"
	"\x7e\x46\xe1\xac\x27\x91\x6c\x41\xa7\xc3\x02\x5d\xae\x21\x4d\x76"
	"\xb4\x8e\xe0\xb4\xb9\xa2\x3d\x2d\x3d\xab\xe0\x88\x3f\x4c\x10\x98"
	"\x18\x31\xb2\x74\x16\xe3\x54\xa6\xfb\x03\x9c\x9a\x24\x41\x80\xd5"
	"\x2d\x0d\xab\x1a\xb2\x79\x76\x17\x7f\x7e\x2c\x59\xcc\xa8\xb2\xcd"
	"\xbf\x67\x5b\x9e\x26\x79\x76\xaf\x13\x80\xc6\xcf\xf3\xf0\x5a\x94"
	"\x69\x05\x31\xdc\x51\x3a\xc0\x52\xa4\x4b\xac\xa2\x54\xba\x20\x69"
	"\x85\x58\x3d\x73\xe0\x77\xc7\x48\x90\x2e\xdf\x65\x5b\x2a\xb9\x5b"
	"\x60\x44\xca\xe4\xa1\x2e\xd9\x58\xf4\xce\x45\xd8\xd7\xf3\xf2\x81"
	"\x0f\xb3\x14\x9f\x70\xad\x1b\x1f\xdb\xa8\x47\x28\xac\xa2\xd7\x59"
	"\x14\x4b\x81\xcd\xa9\xdb\x20\x03\xcc\x9f\xaa\x4c\xd0\x56\x14\x71"
	"\xc2\xfe\xa5\x10\x08\x5d\x78\x1b\xed\xfe\x34\xaa\xd6\x45\x4d\x69"
	"\x29\x92\xab\x73\x93\x27\x5f\x57\xdd\x4c\xa6\x8c\x46\x1f\x28\x1c"
	"\x05\x49\x2c\xbf\xc1\xd9\x97\x21\x71\xad\x67\xe0\x6c\x3e\xc0\xc5"
	"\x9d\xef\x6b\xb8\x88\x52\x3f\xa8\xf6\x47\x14\xc0\x85\x96\x00\x29"
	"\x91\xe1\x5b\x9a\x5b\x74\x26\x8c\x01\x44\x79\xe8\x89\xbc\xec\xb8"
	"\xf7\x2a\xaf\x20\xdc\x80\x95\x6c\x79\x21\xdd\xa5\xaf\xe9\x2d\x85"
	"\x5f\x34\xfb\x9e\x67\xd9\x4a\xd3\x1e\x37\x6f\xc6\x0d\x4e\xbe\x43"
	"\x84\x4b\x9e\xeb\x24\xee\x36\x2c\x64\x76\x7f\x4f\x2c\xa2\x75\xa8"
	"\x4a\x51\x9c\xc5\x20\x42\x3d\x91\x08\x1f\xb2\x2b\x11\x3e\xa0\x8d"
	"\x4e\xbc\x32\x40\x2e\xdb\x08\xd0\x8f\x23\x0a\x03\xa1\x94\x45\x8a"
	"\x12\x3f\x2d\xc8\xc5\x7d\xe2\x82\x2d\xd6\x55\x14\x54\xf8\x99\x41"
	"\x42\xc2\x98\x87\xdb\xfc\x67\xdc\x51\x89\xaa\xc1\x39\x25\x8e\xe3"
	"\x43\xd6\x49\xf5\x84\x72\x4b\xaa\x60\x19\xe6\x8b\x7e\x17\xb2\x16"
	"\x57\x90\x78\x36\xc9\x17\x4c\x68\x14\xa2\xb8\x68\xdc\xc2\x8b\xb3"
	"\xb8\x02\x84\x3b\x21\x89\xbd\xde\xe5\x2c\x71\x11\xb3\x4e\x03\x9b"
	"\x0d\xab\x20\x18\x26\x34\x20\x89\xce\xee\x00\xda\x6d\x8d\x5c\xa2"
	"\x3d\xc1\xf6\xa3\x08\xec\xe0\x3d\x8d\x22\x1e\x8d\x8d\xf9\xc5\x88"
	"\xd7\xd9\xb4\x5e\x57\x71\x42\x47\xcb\x80\x28\xd3\x70\x81\x36\x86"
	"\x9b\x02\xea\x55\x06\x37\x0f\x8a\x55\xa5\x53\x53\x35\x4d\xa2\xa8"
	"\x50\xb4\x18\x97\x19\xa6\x65\xfa\x6b\x84\x78\x2f\x88\xb3\x4d\xbe"
	"\x52\x5e\xe0\x08\x2a\xea\x8e\x92\xcf\xad\x9e\xae\x86\x0b\x5f\x31"
	"\xa1\x74\xed\x60\x26\x2d\x53\xd8\x65\x24\xf0\xcb\x3b\x4f\xb9\x0d"
	"\x02\x6f\x81\x60\xa8\x65\x7e\xae\xc8\x62\xe3\x6b\xcb\x63\xbd\x47"
	"\x97\x69\xd3\x73\x9d\xba\x45\x8d\xc7\x11\xd7\x09\x8d\xb2\x51\xaa"
	"\x1e\x95\xb0\xcb\x03\x1c\x33\xf5\xf4\x1b\xba\xa7\x54\xd7\x8b\xfb"
	"\x65\x14\x35\xe2\xc6\x8b\x2f\x00\x85\x30\xa8\xe2\x2e\x4e\xaf\x78"
	"\x7d\xc7\x06\x34\x22\x2b\xb9\x81\x4d\xe4\xb2\x8a\xec\xdb\x21\x55"
	"\x5f\xd4\x76\x0b\xdf\x38\x6d\x42\x0a\x78\x6f\xb9\x05\x00\xff\xf6"
	"\xfa\x4b\xda\x06\xc1\x8a\xa3\xbd\x02\x04\x42\x8f\x13\xbf\xed\xe3"
	"\x54\x91\x41\xf8\xfa\x8a\xec\xca\x00\x60\x12\x37\x35\xa8\x3f\x47"
	"\x81\xfc\x27\x71\xcf\xc6\xdb\x1d\x7e\x1c\x8e\x7f\x62\xd6\x61\xe3"
	"\x42\xb8\x09\xd6\x28\xf0\x72\x73\xef\xd1\x60\xd6\x5f\x49\x45\xde"
	"\x04\x44\xd5\xf1\x3c\xeb\x44\x91\x2f\xf3\x92\xed\x44\x39\xb2\x1e"
	"\xd3\x3f\x94\x19\x3e\x89\xb2\x75\xcc\x99\x6e\x42\x02\x59\x79\xb1"
	"\x5b\xb2\x8a\xf8\xa9\x0d\x1b\x7b\x70\xcb\x1b\x60\xe5\xf9\x01\x7a"
	"\xe9\x74\x75\x3c\x4a\x4c\xbd\xd4\xc2\xde\x07\xfb\xe3\x30\xfa\xa1"
	"\x1b\xd3\xd0\x97\x38\x47\x9c\xcd\x73\x98\x85\x59\x38\x7b\x10\x32"
	"\xa1\xfa\x64\xdc\xd8\x40\x67\xe2\xd4\x79\xd5\xf3\x7d\x69\x16\xf4"
	"\x55\x54\x66\x51\xa2\x8c\x17\x3f\xed\x69\x1c\x1d\xe5\x3e\xea\x8c"
	"\xf1\x40\xfb\x5a\x61\x64\x8b\x1a\x89\x93\x65\x44\xc2\x0f\x30\xcf"
	"\xa3\x28\x9c\xe9\xd7\x65\x99\x71\xcd\x8d\x04\xa1\x97\xb4\x0c\x74"
	"\xb9\xae\xc2\x7c\x9b\x35\x8b\x2a\x3e\x59\x68\x42\x66\x55\x49\x82"
	"\x08\x9d\x71\x32\x7f\xce\xc6\xfd\xb3\x28\x51\x4b\x97\x4c\x10\xa6"
	"\x9c\x96\xb2\x36\x53\x9c\x8e\xd6\x6c\xd9\xaf\x08\x5d\x8d\x31\x86"
	"\xec\xdf\x25\x78\x04\x25\x5d\x75\x2f\xf3\x14\xcb\x3c\xca\xe2\x1d"
	"\x4a\xe6\x00\xe1\x62\x3e\xa1\xbd\x46\xd6\xc5\x76\x85\x96\x20\x5a"
	"\x0e\xd2\x84\xf7\x67\x90\x42\x1e\x82\xe8\x03\x83\xcd\x64\xba\xcc"
	"\xe3\x10\xf5\xe9\x51\x44\xa3\x4a\x51\x90\x1c\xa5\x06\x6c\x91\x61"
	"\xca\x17\x60\x3d\xb1\xe8\x57\xf9\x85\xd9\x3a\x4e\x42\x9e\xba\xfd"
	"\x43\xec\x34\x4e\x21\x27\x53\xb6\x4e\x3f\x52\x99\xb0\x1a\x15\x29"
	"\x2e\x29\xad\x7e\x14\x9d\xab\xe5\x2b\x23\x66\x59\x86\x70\x0d\x59"
	"\xd2\x01\x89\xe6\xbe\x56\xe8\x69\x92\xe0\xe5\x13\x59\x0d\x59\xc6"
	"\xe5\x19\x64\x67\x1b\x62\xf5\x4a\xd3\xeb\xc4\x1d\x9c\x15\xad\x05"
	"\x8a\x31\x11\x19\x85\xad\x47\xd4\x41\xec\x68\x79\xd9\x82\x12\x13"
	"\x54\xc6\x23\x26\x9f\xeb\x1d\x18\x9a\x55\x99\x27\xaa\x71\xa3\x34"
	"\x2d\xa6\xfa\x3d\x7f\x41\x4a\x02\x5b\x21\x12\xd6\xdb\x12\x4b\x7c"
	"\x03\xa2\x2d\x6c\xba\x1a\x4b\x44\xbb\x9d\x35\xea\x57\xe5\x40\xea"
	"\xce\xa3\x31\x82\xb9\x54\x65\x4a\x1b\xc7\x73\x1e\xad\x3e\x34\x45"
	"\x9a\xf7\xe7\x00\xc8\xa9\xfd\x18\x93\x0a\x50\x32\x80\x6a\xd0\x95"
	"\x43\x11\x20\xce\xe8\x1d\xb5\x97\xb1\xf9\x4b\xb7\x44\xda\x66\xb5"
	"\xcf\x50\x5d\x4a\x37\x51\xd2\x35\x7d\x0b\xb8\x2d\xda\xcc\xcb\xe8"
	"\xbe\x3d\xea\x6a\x7e\xde\x2d\x4e\xcc\xfc\x38\x9e\xba\x87\x44\x0d"
	"\xa9\x5e\xe4\x9b\x36\xed\x5a\x9e\x31\x53\x87\x74\xef\x42\xba\x4c"
	"\x5a\x7b\x52\x62\x80\xd5\x91\x92\x0d\x42\x06\x90\x05\x5a\x10\xf4"
	"\x6d\x42\xa9\x74\x1a\x29\x36\x31\x31\x00\x4e\x6d\x25\x93\x92\xdf"
	"\x6d\x44\x69\x42\x00\xee\x3e\xd3\x97\x26\x5e\xde\x32\x13\x32\x95"
	"\x9d\x4f\x7b\x4c\x01\x09\x96\x91\xe0\xd3\xc5\xe4\x74\xd8\xc5\x37"
	"\xb1\xc2\xc0\xa8\x4e\xfa\x3e\xc1\xed\x08\x84\xea\x21\x5d\xaf\x22"
	"\x24\x2c\xa3\xac\xb1\x92\x31\x9e\x45\xb1\x66\x8d\xea\xf5\x86\xd8"
	"\x90\x37\xcc\xf3\x6d\xbf\x80\x66\x80\x25\xfc\x3a\xe9\x25\xf6\xef"
	"\x6c\xab\x9e\xb6\x4b\x1c\xf7\x39\xc5\x70\x4a\x25\x51\x62\x7b\x9c"
	"\x38\x48\x11\x67\xdb\x9b\x84\x8a\x2d\x97\x0e\x95\x60\x57\x05\xbc"
	"\x7d\xbc\xfb\xa2\x3f\x2f\x4f\xa7\x63\x9b\xbd\x40\x03\xe1\x25\xd8"
	"\x59\xe7\x05\xf5\x67\xbd\xad\xd3\x70\x80\x7e\x96\xbc\xf6\xc4\x63"
	"\xc8\xe2\x60\x23\xd8\xf6\x0d\x4b\x13\x2c\xc4\xf6\x59\xa8\x02\x6b"
	"\x38\xcb\xca\x9f\x4e\x6c\x32\xc4\x42\x53\xd7\x45\xa2\xf1\x1a\x8e"
	"\x16\x74\x58\xbf\xe3\xe6\x87\x7a\xba\x9d\x8c\xdc\x3a\xf6\xb3\x39"
	"\xb3\xd2\xdf\x82\xf0\x64\xca\x02\x49\x10\x65\x68\x10\x28\x50\x3a"
	"\x6d\xf3\xaf\x0c\x71\x68\x0a\xf9\x60\x2c\x86\x39\x14\x8b\x81\x24"
	"\x2d\x20\xe1\x2e\xb1\x1d\x17\xcd\x40\xda\xd2\xb1\xfb\x86\x59\x4a"
	"\x4c\x24\x18\x83\x91\x2c\x0b\x23\x05\xa6\x6b\xf0\x3b\x5c\xfd\x09"
	"\x68\x48\x2c\xa4\xd4\x90\xd8\x48\x8c\x6c\x98\x32\xb3\x08\x71\x10"
	"\x14\xb4\x29\x4e\x43\x7c\x9f\xf9\xb0\x97\x39\x20\xac\x8a\xda\x0e"
	"\x41\x79\xf2\x01\xac\x1a\x3e\x1b\x5c\x99\xf5\xae\xd6\x3b\x1a\x4e"
	"\x11\x4a\xf0\x79\x65\x1a\x26\xe2\x51\x1d\xd8\x96\x8d\x81\xbb\x91"
	"\x89\xe3\xe2\xa3\xd8\xd2\x71\x58\x39\x32\x41\x5d\xdf\x52\xe2\x3b"
	"\x48\xd4\x09\xa3\x4d\x5d\xd7\x1c\xa0\x21\x4d\xd9\x05\x8e\x81\x04"
	"\xdd\x33\x9a\x67\x21\xfa\x85\x06\xc4\x46\x53\xa5\x57\x2b\xdf\x36"
	"\x2d\x94\x36\x23\xee\x7f\x15\x8e\x64\x79\x68\x60\x91\x35\x35\x71"
	"\x92\x8f\x91\x9c\x09\x1e\xdf\x84\x7f\x6b\x82\x7f\x6b\x32\xb5\xd1"
	"\xa8\x28\x7f\x82\x91\xa6\x16\xfa\xd6\x14\xc1\xb6\x0a\x78\x90\x81"
	"\x09\x6b\x88\x5e\x2f\x67\xcc\xce\xca\x8b\xa8\xd9\xfd\xe6\x58\x42"
	"\x33\xdf\x41\x02\xba\x97\x3b\x2c\xe7\x74\x9c\x11\x6b\xb7\x43\xbf"
	"\x9c\x54\x81\xe5\x4c\x4c\x9c\x86\x38\x3f\x73\x1a\x02\x6b\xce\x16"
	"\x3c\x13\xc3\xb9\x00\x9a\x69\x62\x90\x8b\x9c\xe8\xa3\x34\x0c\x9c"
	"\x04\xbc\xb4\x3d\xa4\xfd\x69\x50\xd8\x16\x82\x53\x03\x34\x07\x41"
	"\x69\xc9\xc8\x7a\xa2\x04\xb5\x77\xad\x9a\x0d\x98\x03\xbd\x93\xc8"
	"\xeb\x32\xce\xa8\x6e\xef\xb8\xbc\xc2\x06\x41\xdc\xf3\x95\x83\x64"
	"\x5e\x6c\x3c\xce\xb2\xc1\x58\x68\xc8\x4d\x18\xb6\x29\x1f\x00\x9b"
	"\xab\x78\xd5\x0d\xdf\x0c\x06\xc9\x48\xf4\x5b\x4b\x76\xa8\x81\xe0"
	"\xfc\x09\x0e\xd3\x32\x6d\x7f\x88\x6e\xf8\xd4\x34\xac\xc1\x12\x7c"
	"\x6a\xb8\x83\x1c\x9e\x49\x3d\x04\x5c\x87\x73\xb0\x2f\x20\x6e\xc1"
	"\x82\x3c\x99\x22\x41\x85\x82\xec\x7b\x3e\xda\x84\x2a\x09\x1c\x17"
	"\xc9\xbb\xbe\x99\x7b\xa6\xa1\x4e\xc7\xae\x6a\x9d\x9f\x4f\xc7\xcb"
	"\x5d\x74\x7c\x96\xf4\x29\x2c\x95\x65\x04\x17\x31\xfd\xe4\x5b\xe4"
	"\xe5\xf5\xc7\xe1\xeb\xa1\xa7\x81\x7d\xdb\xd3\x84\x56\x7e\xdf\xbf"
	"\xf0\xd4\x15\x02\x53\x40\x7e\xa5\x4a\x08\xad\x21\x8f\x35\xdf\x77"
	"\x22\x96\x48\xe4\x21\x96\x46\x10\x50\x1f\xd3\x42\xe4\x1e\xcd\x28"
	"\xb4\xf9\xe2\x4f\xfb\x70\x7f\xcb\xc3\x73\x0b\x7b\x00\xf1\xb6\x22"
	"\xf6\xa3\x75\x4e\xa0\xb4\x68\x89\x57\x82\x6c\x55\xd0\xa2\x69\x84"
	"\x92\xf3\xae\x09\x24\x79\x3f\x5e\x3a\xbe\x0e\x6d\xb4\x27\x5b\xd5"
	"\x1e\xc5\x20\x60\x8b\x9a\x6b\x20\x50\x01\x8c\x64\x7b\x06\x4a\x42"
	"\xc3\x6f\x5d\xc7\x32\x51\x92\xe3\xe1\x24\xcc\x3a\x75\xdd\xa9\x55"
	"\xe2\x34\x1b\xa7\x19\x68\xcb\x3c\xcb\x29\x51\x53\x08\x56\x02\x0f"
	"\x0d\x87\x75\x3d\xdf\x43\x5f\x05\xf2\xd4\x1b\x30\xa5\xdd\x09\x62"
	"\xd7\x70\x92\x8f\x92\x3c\x13\x27\xa1\xad\x1c\x30\x14\x6c\x34\x6c"
	"\xdb\xf7\x91\x5d\x44\x58\xe4\x55\x1d\x22\xb0\x14\x21\x75\x1c\x24"
	"\xdb\x7d\xea\x59\x36\xd2\x9b\x6c\x99\x73\x4d\x74\x59\x75\x7d\x0b"
	"\x5d\x01\x9d\x09\x12\xe0\x03\xb4\xa9\x85\xea\x51\x56\x7f\xc3\xb7"
	"\x54\x3c\x53\x85\xc3\x75\x27\x43\xaa\x2e\xd4\xa0\x3f\xc0\x8c\x7e"
	"\x7e\x7f\x79\xf9\xd9\x5c\x5b\xb5\x13\x71\x7e\xde\xff\xdf\xfb\xfe"
	"\xf8\xf4\xf3\x1a\x78\xfd\x17\x20\x77\x86\x21\xfd\xb5\x48\x92\x96"
	"\x4b\x38\xf9\x72\x4f\xcc\xc7\xcb\xe9\xfc\x6b\x78\x78\xbb\x9c\x0f"
	"\xbf\xbf\x43\xa0\xb9\x12\xa7\xad\x00\xa3\x09\x00\xa2\xef\x8f\x6f"
	"\xfb\x4f\x09\x2b\x63\xff\x7c\x97\x9c\x4e\xaf\x77\x7f\x63\x85\xff"
	"\xfd\xee\xeb\xf5\xe3\x6f\x9d\x8f\xcb\x05\xce\x99\x01\x66\x68\x82"
	"\xc6\x85\xfe\xf8\xf6\xf3\x7c\x7a\x7b\x3a\xbd\xee\x19\xa9\xaf\x5c"
	"\xf9\xb6\xd2\x40\x35\x01\x50\x31\xa4\xb2\x96\xea\x0d\x6d\x58\x51"
	"\xf5\xb3\x2b\xa9\xe3\x62\xfb\xca\x85\x89\x6d\x63\x8a\xb5\x6d\xb8"
	"\x06\x3a\x3b\x9b\xcd\xdb\xe2\xa1\xcc\x07\xf6\x6e\x71\xb5\xb0\x95"
	"\x64\x82\x42\xbd\xef\x1f\x7f\x5c\xbe\x77\x16\xa1\xf6\xe9\xf9\x72"
	"\x57\x0a\x14\xfe\xe3\xe1\xa2\x76\xe1\x3c\x72\x1c\x6c\x2a\x72\x9a"
	"\x83\xcd\x0e\xdb\x18\x30\x3a\x81\xd8\x07\xaa\x5a\xbe\xbf\x1c\x9e"
	"\x0f\x97\x9f\xda\xc1\x4c\x2d\x1b\xb1\x1e\xc2\x65\x85\x2c\x82\x4b"
	"\xb0\x6c\x10\x53\x74\x59\x51\x0b\x99\xbf\xcb\x6a\x8d\x50\x68\x3c"
	"\xc1\x36\x85\x40\xb2\xfa\xdd\x1e\xb3\x39\x73\x01\x60\xdc\x97\xfd"
	"\xe3\xdb\xfb\x79\xff\xb2\x67\xb6\xc6\x3b\xeb\x69\x8d\xa8\x3a\xc6"
	"\x90\x30\x3a\xe8\x21\x46\xcc\x24\x0a\x95\x9a\x86\x8c\xad\x08\xab"
	"\x74\xe7\x61\xfb\x98\x0d\x88\xa4\x37\x28\x92\x1d\x1e\xec\x0b\x8d"
	"\xd8\x26\x34\xf5\x42\xaa\x41\x19\x3e\x7c\xfb\x7e\xd1\x4f\xdf\xcf"
	"\x61\x4d\xb1\xa3\x14\x92\x30\xa5\x8d\x20\x11\x92\x22\xa4\x53\x0c"
	"\x65\x9e\x13\xb1\xe8\xb3\xd9\xd2\x9c\xb8\x38\x09\x33\xc3\x52\xdb"
	"\x32\x11\x38\x3b\xa0\x21\xab\x0b\x23\xd9\xc8\xce\x36\x00\xc0\x71"
	"\x17\x25\x79\xc8\x81\xc6\xa2\xb0\x48\xc1\xa4\x90\x18\x86\x3e\x13"
	"\xba\xb0\xd0\x00\xf5\x39\xb1\xa6\x06\xb2\xf1\x93\x99\x10\xf0\x76"
	"\x4e\x34\x91\x45\xee\x33\x25\x6c\xc7\x81\xe0\x93\x15\xa5\x81\x82"
	"\x92\x57\x25\x8a\x27\xbe\x61\x2a\xc3\x09\x28\xa6\x51\x98\x2a\x42"
	"\x06\x3c\x2f\x2a\x26\x0b\x26\x72\x49\x65\x5a\x96\x81\x92\x69\x6c"
	"\x9a\x08\x78\x00\x90\xb0\xb0\xbd\x6a\x65\xdb\x26\x76\x04\x54\xaf"
	"\x37\x31\x45\xfa\xad\x0a\xa8\xed\x20\x11\xcb\x9c\x86\x20\xa5\xb6"
	"\x23\x56\xb1\x41\xc1\xb0\x42\x39\xcd\xc7\x69\x13\xa4\x6c\x46\x73"
	"\x5c\x1b\x4b\x24\xe4\x9a\xbe\xa5\xf7\x5b\xd8\x04\x59\x82\x8e\xc9"
	"\x26\x4a\x13\xcf\x40\x22\xaa\x37\x89\x87\x1d\xd8\x7e\x61\x83\x69"
	"\x59\x1a\xcc\xb6\xf4\xf1\xdb\x71\x7f\x11\x27\xcf\x5a\x65\xb2\x42"
	"\xc3\x45\x39\x09\x31\x7a\x57\xc6\x74\x8a\x28\xa0\xe6\x80\x38\x25"
	"\x8b\x6c\x40\xf7\xde\x78\xd0\x83\x4d\xb2\xb0\x31\xa0\xcb\x34\x0d"
	"\x6c\x57\xc1\x28\x52\xf5\x2a\x2f\x1c\x37\x07\x5a\xd1\x58\xa6\x81"
	"\xeb\x3b\x36\x5a\x55\x95\x4f\xa9\xae\xe8\xe4\x5b\x22\xa0\xde\x56"
	"\x59\xf1\xf8\x6a\xd6\xbe\xa7\x1f\x87\x63\x6f\x50\x24\x0b\xee\xf5"
	"\x74\x61\x2b\xe2\x41\x7b\x67\xe0\x62\x59\xee\x42\x6a\xfa\x06\x7a"
	"\x32\xe5\x3a\x88\x2e\x16\xb4\x09\x6a\x97\x63\x0a\x11\x68\xa6\x8d"
	"\xdb\xfa\xd8\xf4\xa8\x8a\x44\x6b\xe7\xa8\x6d\x7f\xbb\x3c\xca\xe6"
	"\x40\x92\x16\x53\xd3\xd0\x18\x71\xc5\x79\xff\x06\x56\x84\x56\xc4"
	"\x67\x85\xe1\x19\xe9\x02\x91\xc4\x02\xbb\xae\x58\x16\x58\x57\x16"
	"\x89\x69\x0e\x9c\xd8\x0b\x32\x2a\xd7\x45\xc2\xe4\x1a\x0b\x03\x77"
	"\xd1\xd3\x43\x46\xb2\x27\x43\x02\xcf\xb3\xd1\xea\xfb\xdb\xc5\x6c"
	"\xd5\x65\x61\x19\x9e\xbe\x19\x5f\x0a\xc2\x16\x68\x4f\x6f\x97\x1c"
	"\x01\xeb\x49\xd7\xd7\xd4\x9e\xca\x07\xc3\xcd\xf0\x9c\xfe\x3c\xbc"
	"\x80\x05\x0b\xd0\xaf\xcf\x6c\x97\xc4\x01\xa7\x34\x05\xf0\xe5\x13"
	"\x5d\xeb\xe2\x90\x94\x10\xf0\x1b\x61\x48\x88\xe5\x1c\xc0\xb4\x90"
	"\x03\x3b\x5a\xce\x11\xb3\x9c\xee\xd8\x37\x0d\xf4\x25\xff\xbf\x04"
	"\xb0\x32\x75\xfb\x8e\x6a\xff\xf2\x0a\xdb\x46\x44\x6a\xd9\x9c\x8c"
	"\x53\xe1\xe0\x98\x07\xf9\xba\x40\xe0\x43\xd2\x64\x37\x35\x3c\x64"
	"\x69\x14\x44\xec\x88\x34\x2d\x0c\xe4\xca\x8d\x93\x26\xc8\xaa\xf7"
	"\x40\x91\xd1\xe1\x24\x4b\x07\xbe\x2f\x52\x8d\xdc\x7e\x5c\xe1\xe7"
	"\x6f\xf6\xc6\x36\xe5\xb1\xa8\xf3\x4a\xef\x1a\x05\x74\x9e\xf3\x44"
	"\x9b\xcf\x04\xa8\xdc\x1b\xb9\x58\xb4\x77\xe9\xe0\xc5\xfd\xf4\xfd"
	"\xf0\xda\x81\x04\x6c\x25\xac\xbc\x87\x54\xd8\xb2\x53\xc1\xa2\x1b"
	"\x4a\xd0\x3c\xe0\x7e\xfc\x59\xf9\x9b\xa9\x3e\xdf\xd8\x7d\xde\x0d"
	"\x5b\x41\xba\x61\x07\x9d\xe7\x24\x50\x01\x3b\xe8\x32\xdf\x36\xa9"
	"\xc4\xa0\x3a\x9d\xbe\x21\x65\x15\x57\x1c\x14\x2b\x2a\x83\x62\xdd"
	"\x3b\xb8\x2f\x42\x3c\x54\x48\x76\xdf\x8e\x0b\x12\xac\xd4\xbc\x6a"
	"\xd7\x88\x3b\x48\xc6\xdc\xb8\x31\x29\x8e\xa8\x82\x26\x9c\x34\x72"
	"\x2c\xa4\x8d\xf3\xb0\x0e\x1f\xc8\x45\x32\xd7\x00\x48\x41\x9e\x38"
	"\xfa\xfe\xfb\x1b\x0f\x47\xbb\x8d\x48\x13\xcb\x21\xe7\x29\x86\x24"
	"\xc2\x3d\x90\x96\x59\x90\x72\x80\x03\x9e\xc7\xb9\xc6\xd2\xce\xc1"
	"\xab\xc5\x8e\xd4\x96\x9f\xa5\x3c\x57\xf3\x38\x17\x94\x87\x72\x05"
	"\x4c\xf2\x0a\x14\x0a\x12\x38\x20\x1c\x72\x99\x67\x11\x78\xd8\x79"
	"\x1e\xa2\x49\x78\x5a\x64\x11\x01\x72\xef\x1b\x9e\x53\x53\x52\x91"
	"\x61\xce\x98\x73\xee\x3e\xc0\x79\x8f\xb8\x6b\xdf\x18\xd4\x26\xaa"
	"\x0c\x6b\x65\x46\x82\x83\x53\x80\xb8\xb6\xa4\x41\xff\x28\xbb\xd8"
	"\x9f\x01\x4c\x9b\x2b\xf6\x17\x71\x64\xa2\xc3\xe3\x84\x89\x11\x40"
	"\x56\xb8\x74\x8d\xc6\xa2\x06\x81\xce\x3d\x09\x28\x45\x3f\x4c\x36"
	"\xa4\x6b\xb5\x30\x29\xba\xce\x62\x82\xbe\x06\x1f\xb7\x7e\x58\x1c"
	"\x44\xde\x0d\x56\x84\x16\x11\x52\x76\x49\x68\xab\x6a\xfa\x70\x81"
	"\xc2\x3d\xb5\xa3\x0c\xc4\x83\x7a\x16\x67\xe0\xd1\x27\x42\xc1\xb5"
	"\xb4\x6e\x52\x0e\xe5\xad\x16\x2e\xf9\x97\xdf\x0f\x90\xdb\xe5\x1f"
	"\xdf\xff\xdd\xfc\xf1\xaf\xe3\xb3\xf8\xab\x93\x2d\xa4\xff\xc5\xe1"
	"\x48\xe1\x24\x9e\x65\x9b\x30\x4e\x53\xc4\x71\x43\x17\xb5\xd0\x66"
	"\x1c\xb9\x5d\x54\x6e\x78\xa4\x06\xe8\x76\x6c\x34\xee\xe7\x45\xd9"
	"\x0d\xde\x6b\x5e\x81\xeb\x42\x1a\x92\x2b\x78\xc2\x72\x7b\x77\x39"
	"\x3f\x3e\x71\x23\x43\xd5\xdf\xb4\x92\x3e\xca\x7e\x8a\x94\xcd\xc8"
	"\xb6\x92\x95\x9e\xaf\x21\x10\x89\x3d\xa1\x39\xb2\x8a\x76\xd8\x86"
	"\x53\x06\x09\xa0\xe6\x4a\x1f\x60\x04\x38\x83\x08\xf6\x33\x92\x78"
	"\x34\xd2\xc5\x07\x15\x29\xb8\x53\x4a\x6d\x8c\x73\xdd\x00\xd0\x24"
	"\x4e\x99\x82\x97\x38\xc5\x23\x11\x18\xa4\xc4\x28\x6a\x58\xb2\x85"
	"\x94\x6f\x36\xa2\xf9\xf0\x26\x88\x52\x74\xf9\x59\x2d\xa8\xba\xcc"
	"\x35\x4e\x7e\x6d\x64\xfd\x22\xdf\x44\x65\x96\x97\xbf\xfd\xf2\xf2"
	"\xf6\xf2\xe9\xf1\xf9\xbc\x3f\x9e\x3e\x5d\xfe\xfa\xa5\x57\xcc\x35"
	"\x9c\xbe\x93\x24\x08\x3c\x77\x6a\x58\x27\x16\x0f\x3c\x4a\x25\xa9"
	"\xb5\xee\xd1\xd9\x9c\x4d\xe8\xcc\x75\xed\xfa\x86\x2e\x2e\xce\xf3"
	"\x0f\x00\x04\xca\x17\x9e\xae\x5f\xa2\x70\x88\xdc\x82\x73\xb4\x40"
	"\xa5\xe8\x42\x63\x40\x3d\x64\x2f\xd5\x68\x57\x59\x18\x88\x21\xa3"
	"\xd9\xb5\x56\xf2\x19\xc5\x91\xf2\x19\xf3\x07\x6b\x1a\x41\x88\x1c"
	"\x2f\x53\x21\xcd\x21\xfa\x82\xc6\x3b\xd9\x74\x68\x49\x3c\x4a\x33"
	"\xae\x1e\x94\x8a\x39\xac\x7b\x78\xf0\x51\x8c\xac\xc8\x9c\x07\x73"
	"\xaf\xfd\x3c\x0b\xad\x6e\x81\xf0\x1b\x65\x86\x40\xe1\x19\xef\x3a"
	"\xd9\x72\x88\x29\x68\x30\xac\x83\x3e\xf7\x48\xd7\x8a\xcd\x49\xa5"
	"\x74\x10\x3c\x69\x05\x27\xce\xc1\x31\x9f\x99\x1c\xbf\xfd\xf2\x7e"
	"\xf9\xea\xff\x22\x73\xb5\x28\xef\x3b\x52\x55\xa5\x5a\x84\x44\xbc"
	"\x3a\x70\x27\x64\x16\x25\xac\xb0\x7f\x9e\x7e\xff\xdf\xfd\xd3\xa5"
	"\x3e\xff\x73\xff\xe7\xd7\xc7\xcb\x3f\xdf\xba\x09\x97\x76\x03\x78"
	"\x95\x73\x8a\x8a\x41\x1e\x0c\x10\x67\xd5\x40\xff\x64\x71\xd2\x7f"
	"\xb5\xed\x71\x8b\xbf\xd7\x91\x4e\x78\x00\xfe\xa7\xfd\xa7\xec\x7f"
	"\xa5\x2f\xda\xc7\x1a\xa1\xfa\xff\xca\xae\xac\xb9\x71\x1b\x09\xff"
	"\x15\xd7\x3c\xed\x56\x6d\x92\x91\x7c\x3f\xf8\x01\x24\x21\x89\x11"
	"\x2f\x03\xa4\x65\xfb\x45\xe5\x78\x94\x19\xd7\xce\xd8\x53\x3e\x6a"
	"\x93\xfd\xf5\xdb\x0d\x90\x14\xae\x06\xb5\x55\x49\x79\x84\xfe\x88"
	"\x1b\x8d\x46\x03\xdd\x3d\x90\x42\x93\x4a\xd1\x60\x90\x41\x8e\x24"
	"\xaa\x3c\x7c\x3d\x31\xf3\x34\x4c\x8f\x65\xf5\xbb\xb6\xb3\xa3\x1a"
	"\x99\x64\xaa\x59\xd4\x1b\xfc\x1a\x41\x5e\x25\x97\x82\x65\xe8\x26"
	"\x56\x4a\x11\xad\x27\x70\x18\x75\x4a\x26\x2b\x2a\x89\xbd\x8e\x5a"
	"\x91\xe8\xc9\xc3\xae\xcf\x90\xd6\x47\x0e\xae\x9b\xe0\x70\xe6\x85"
	"\x32\xa5\x5e\x6b\x5b\xd6\xf1\xc8\x57\x65\xf8\x1e\xe6\x8e\xa0\x5b"
	"\x1d\x4d\x24\x6f\x59\xb1\x94\x14\x2d\xaf\xd0\xc0\x46\x9b\x28\x5a"
	"\x18\x60\xcc\xee\xd8\x0f\x89\x31\x26\xd0\x23\xd0\x0a\xa6\xcd\x2b"
	"\xd8\xa6\x96\x95\x1a\x25\xab\x02\xca\x28\xdc\x10\xec\x33\x37\x21"
	"\xd7\x09\xea\xcd\xbc\x55\x05\xa6\x09\xa1\x1d\xa7\xab\x5b\xd3\xb9"
	"\x0a\xfe\xc4\xe0\x71\xca\x80\xd6\xf4\xa4\xbf\xf7\xe6\x5e\xb5\x3d"
	"\x6c\xc3\x44\xe5\x9a\x10\x2b\x02\xd5\x50\x4d\x6d\x05\xb7\xb8\xdd"
	"\xf5\xa2\x04\xf6\x32\x0b\xe1\x15\x65\xee\x54\x2f\x6d\x0b\xdb\xb3"
	"\x7f\x5b\x2f\xe4\x09\xb5\xb0\x34\x99\xe0\x05\x6a\xe7\xb0\x26\x5d"
	"\x0a\x49\x93\x26\x20\xfd\x77\x78\xfa\x14\x6d\x9a\x8b\xb4\xcb\xcd"
	"\x65\x06\x83\x59\xb0\x3b\x27\xe3\x7d\x2a\xb0\xf7\x2c\x17\xb0\x76"
	"\xb7\xf0\x27\x54\x56\x00\xc9\x8a\x0d\xbb\x83\x0a\xc0\x21\xb3\xde"
	"\x10\xd9\xa2\x80\x1a\xbe\x88\x34\x40\xb7\x30\x47\x54\x9f\x4c\x01"
	"\x4b\x0e\x3d\x5d\x37\xc1\x47\xe3\xb0\x0e\x78\xc9\xab\x16\xb6\x83"
	"\xc5\x28\x17\xa4\x0f\x8f\xdf\x6c\x5f\xc6\x0b\xa9\x76\x36\xff\xa9"
	"\x4e\xf6\x0b\x88\xae\xbf\x65\x37\x99\x12\x26\xf6\xb2\x84\xa1\xbb"
	"\xaa\x2f\xe1\xf4\x47\x8d\x69\x97\x2d\x1c\x92\x56\x7a\xd6\xf2\x37"
	"\xd8\xaa\x7e\xab\x5a\x27\xdf\x71\x19\xd8\x3c\xbe\x94\xf0\x85\x95"
	"\x72\xe3\x42\xcc\xcd\x33\x05\x61\xa9\x61\x4b\x7e\x75\x72\x7c\x1e"
	"\xa2\x1b\x9b\xeb\xd3\xdb\xcb\xc5\xc5\xe9\xe5\x2f\xb3\x4f\xe6\x22"
	"\xdc\x43\xbb\x76\x11\xd6\x03\x57\xad\x37\x57\xf5\x91\xf0\x6d\xf7"
	"\xf1\xe5\xe5\xe8\xcf\x50\xb3\x54\xd0\x0b\xe7\xc8\x89\x49\x6b\xf7"
	"\x75\x96\x49\x44\x7d\x43\x5b\x98\xeb\x1a\x12\xb1\x75\x86\x79\xa2"
	"\x9d\x5d\xba\xca\x0b\x14\x43\xc3\x87\x63\x44\x74\x79\x48\x65\xb5"
	"\xe8\xad\x2b\xbb\x3c\x73\xcc\x5b\x7f\x67\x8a\xc7\xf8\xc6\x76\x69"
	"\x6b\x28\x95\xd0\x34\xcb\x1c\x12\x27\xe0\x62\x5b\x36\xde\xcf\xd0"
	"\x0e\xa3\x09\xc3\x76\xbe\x57\xdb\x76\x4b\x60\x76\x49\x90\x3d\xc0"
	"\x81\x6a\x91\x01\x8f\xe7\x96\xa7\x00\x65\x94\xbb\x62\xb0\x55\xe6"
	"\x4b\x56\xb5\xb9\xee\x36\xd3\xed\xac\x36\x90\xb0\xc5\xb0\x45\x7e"
	"\xc3\x84\x3d\xfb\x72\xa9\xa3\x98\x68\x0b\x60\x9b\x59\x08\x8c\xa4"
	"\x4d\x0b\x38\x2c\x8b\xd0\x16\x34\x8d\xab\x0d\x2b\xcc\x0c\x65\x86"
	"\x16\x95\xce\x44\x5a\xd1\x79\x01\x49\x33\x45\x42\x40\x8b\x54\x3f"
	"\x89\xd4\x90\x26\xa5\x82\x95\x04\x49\x5e\x77\x4c\xae\x08\xe2\x4d"
	"\x44\xfe\x44\x23\xe1\x5b\x52\x00\x2d\x23\xad\x6f\x68\xda\x75\x75"
	"\x7b\x12\xa5\x9e\xd1\x54\x11\x28\x74\x58\x63\x12\x96\xa5\xb9\x15"
	"\xab\xdf\xc8\x53\x0a\x98\xa0\xa3\x44\x66\x2d\x5c\x0d\x29\xee\xeb"
	"\x91\x1c\x5e\xbe\x03\xee\xe4\x50\xdc\x2a\x3d\x08\x79\x71\x32\x3f"
	"\x08\x77\x2f\xdb\x2c\x08\xb4\x61\x46\x1b\xe3\x9d\x30\x70\x5a\x0f"
	"\xe8\x01\x3e\x7d\xd9\xfd\xf9\xfd\xe1\x7d\xf7\xc9\x03\x2a\x25\x87"
	"\x97\x81\xed\x30\xad\x4f\x14\xcc\xd6\xa4\xdc\xc9\x1b\x72\xef\x8a"
	"\x1c\x5b\x78\x8b\x9e\x25\x4d\xa6\x10\x3a\x98\x9b\xe1\xb7\xe0\xc7"
	"\xbe\x25\xc6\xae\x63\x90\x87\x6d\x6b\x0b\xdb\x96\xa5\x63\x32\x69"
	"\xe7\xc4\x85\x98\x0d\x22\xee\xb0\x2d\xd0\x05\xf1\xb8\xc5\x01\xcd"
	"\x0f\x01\x1d\x54\xdc\x01\x15\xa7\x22\xc4\x3b\xa0\xd9\x21\xa0\x43"
	"\x2a\x4e\xbc\x8f\x70\x40\x27\x87\x80\x0e\xe9\x02\xc2\x4e\xc6\x01"
	"\x5d\x4e\x83\x2e\x8f\x0f\xc8\xe9\xf2\x90\x01\xbe\x3c\x3e\xa0\x9f"
	"\x2e\x4f\x0e\xa8\xd3\xc5\x39\xdd\x4f\x20\x26\xe2\x84\xdf\x5e\x4c"
	"\x67\x33\x9b\x1f\x52\x6d\x40\xd1\x93\x80\xc9\x34\xcf\xc3\x0b\x72"
	"\xac\xc9\xcc\x5d\x61\x03\x61\x3e\xd9\x88\xe3\x49\xc4\x74\x47\x9c"
	"\x4e\x22\xce\x26\x11\xe7\x93\x88\xcb\x49\xc4\x6c\xba\x31\xb3\xe9"
	"\xd6\xcc\xe8\xe6\xac\xeb\xfc\x62\x2b\xe2\xe4\x8e\x24\x97\x2c\xc5"
	"\x8d\x96\x55\x51\x44\xca\xe1\x2c\x9e\x4e\x40\xe0\x84\xdc\x89\x3a"
	"\x0e\x12\x35\x6b\xf3\xa9\xc2\xee\x44\x5e\x14\x13\xc5\x2d\x19\x9f"
	"\x84\xc0\xe1\x7a\x1d\x45\xe4\xd0\x2e\x27\xb2\xbb\x8f\xa9\xe0\x44"
	"\x3b\xdd\x7d\x53\x8d\x82\xc3\xf2\x9a\x0a\x46\x83\x18\xf2\x18\x94"
	"\x15\x25\x15\x62\x28\x75\x1c\x90\x68\xdb\x91\xdd\xe3\xc7\x2b\x3e"
	"\x8a\xf0\x62\x05\xae\xb9\x19\x53\x1e\x7f\x29\x11\xc0\x36\xc8\x47"
	"\x4f\x8f\x18\x27\xa6\x6a\x11\x21\xf2\x6a\x49\xc8\xad\x7d\x16\x84"
	"\xbd\x9f\x12\xae\x79\x46\x43\xd0\x2d\x55\xb6\x82\x43\x0e\x17\x0c"
	"\xd5\x48\xd4\x7b\x2a\xad\x40\xc4\xf8\x82\x52\x5d\x11\xb7\x22\x4f"
	"\x83\xd1\xf6\x06\x24\x3a\x59\xd0\xa6\xf1\x72\xc4\x1b\x27\xa6\x80"
	"\x46\x72\x48\x0b\x1f\x05\x86\x7c\x7b\x89\x24\xf4\xe1\x28\xad\xdc"
	"\x2e\x44\x19\x6f\x07\xf4\x76\xc8\xdb\x65\xa1\x42\x20\xb0\x06\x85"
	"\x70\x38\xd1\x64\xe2\xea\x78\x7e\x7e\x76\x61\x45\x91\x81\x03\x75"
	"\xc6\x2b\xe8\x53\x54\x69\xa1\x3a\x62\xcb\x0a\xcf\x71\xa2\x07\x8a"
	"\x90\xe0\x18\x5e\x14\xb6\x97\x14\x1f\x83\x7b\x81\x6c\x98\xa9\x19"
	"\xac\x85\xd2\xac\xe9\xab\x2d\xa3\x6b\x95\xdf\x02\xf5\x25\xde\xa5"
	"\x68\xaf\xa1\x13\x64\xd5\x1f\x57\x9f\x3e\x79\xbd\xdd\x2b\xd5\x83"
	"\xbd\x3d\x28\xdc\xd1\x9d\x89\xf2\x7b\x12\xef\xf2\x01\x9e\xe5\xd2"
	"\x75\x04\x18\x01\x73\x65\xb1\x1a\x9b\x10\x03\x94\xdd\xa4\xae\x7b"
	"\x48\x0f\xa3\xf4\xdd\x82\x5f\xa3\x47\xb8\xed\x0d\x2b\x3a\x7e\xf5"
	"\x99\x04\xcb\x3c\x6b\x59\x82\xe7\xea\x15\xfa\x38\x94\x57\x97\x3e"
	"\xb4\xd4\xc3\x16\x68\x40\xa9\x5e\x68\xe0\xc2\xed\x9a\x89\xb6\x2a"
	"\x28\xcc\x5d\x10\xb2\x5b\xc2\x4b\x81\x03\x66\x4d\xc3\x31\xf2\x36"
	"\xea\x64\x8b\x89\x25\xdb\xd6\x65\x7d\x57\xc7\x31\x90\x1f\x83\xe9"
	"\x30\x51\x36\xfa\xac\x69\xf2\x2a\x0e\xba\x63\xc1\x30\x59\xa8\xb7"
	"\x5d\xba\x2b\x7e\x4c\xdc\x6b\x97\x63\x9f\x6e\x59\x97\xe5\xb6\x13"
	"\x71\x22\x7c\x2b\xbf\x29\x83\x2e\x50\xb4\xaa\x2b\x36\xbb\x7d\x4c"
	"\xe9\x38\xe3\xa0\xa1\x8e\x09\x12\x01\xbb\xfa\xf4\xb6\xfb\xfe\xf4"
	"\xfc\xf1\xd7\x27\xbd\x51\xac\x77\xaf\xcf\xbb\xef\x47\xdf\x1e\x5e"
	"\xbf\xec\xd4\xcb\xbb\xfd\x86\xa1\xdf\x9f\xee\x7e\xbc\xbc\xfe\x7d"
	"\xf4\xf4\xfc\x84\x16\x15\x4f\xff\x7d\xe8\xed\x8f\x46\x6b\x48\xa5"
	"\xf9\x51\xd1\xf9\x50\x9f\x83\x5e\x3b\x71\x39\xc3\x4c\x32\x98\x45"
	"\x10\x75\xcf\x45\x6d\x6a\xea\xf3\x56\xbb\x3f\xdd\x56\xb5\xfd\x32"
	"\xc7\x20\x01\xab\x1a\x72\x27\xee\xd0\x2d\x28\x16\x41\xe3\xd4\x8d"
	"\x06\xf0\xce\xb1\x8f\xea\x2a\x0a\x56\x01\x0b\xc3\xd8\x51\x21\x83"
	"\x0e\x1a\x47\xfd\xef\xeb\xdf\x3f\xdf\x5f\x8e\x1e\x5f\x5e\x77\x47"
	"\x2f\xaf\x47\xdf\x76\xdf\x7f\x2a\x23\x30\x0b\x8c\x97\x2a\x96\x43"
	"\x7e\x2b\x79\xee\xa7\x73\x96\x05\x13\x7d\x68\x52\xac\xd3\xbc\x59"
	"\x99\xec\xd7\xa5\xf8\x1f\x21\xbf\x09\x26\xfa\x50\x61\x5e\x20\xed"
	"\xd3\x82\x40\x5f\xfd\x30\x54\x9d\xac\x09\xa3\x6a\xbf\x6e\x9a\x79"
	"\x28\xd1\xcf\x01\x05\x9b\x40\x75\xa4\x15\xff\xa3\x4f\xcd\x56\xe4"
	"\x80\x6e\x79\x9a\xf9\x9d\xb2\x77\xa7\x19\x4c\x9f\x07\xca\xc0\x6d"
	"\x8f\x2e\xa5\xff\x70\xd8\xa2\x94\xc7\x7c\xe9\x65\xbf\x5c\xcc\xe6"
	"\x17\x65\x57\x78\x84\xaa\x2b\xc2\x89\xa1\x9a\x34\xea\x2f\x5d\x17"
	"\x14\x64\x94\xe3\x72\x2f\x47\xf5\x27\x0b\x64\x59\x6a\x0a\x9d\x27"
	"\x2c\xff\x15\xc8\x84\x81\x4f\x89\x08\x17\x3d\x55\xe6\x7b\x9f\xf3"
	"\xec\xe3\xfd\x1b\xbe\xdf\x7e\x7c\x78\xdf\x7d\x39\xe2\xcf\x8f\xb8"
	"\xc6\x30\xf4\xee\x7f\x9e\xde\xbf\x1d\xb1\xb7\xb7\x97\xc7\x27\x45"
	"\xca\x1e\xde\x1f\xac\xa0\x79\x7d\xed\xd3\x92\x2e\x68\x69\xbb\x7a"
	"\x1b\x3e\x59\x31\xf8\x6f\xfe\xb9\xa9\x8b\xbb\xd9\x31\x65\x21\x34"
	"\x2c\xc4\x65\x2e\x67\x84\xf9\x8e\x83\x29\x26\x41\xf3\xd3\xb3\x18"
	"\x06\x76\xcc\x4e\x9e\x11\x96\x0a\x26\x66\xe6\x3c\x43\x77\xba\x97"
	"\x5f\xe7\x37\xde\x30\x73\x68\x33\x30\xbe\x9b\xa1\xe3\x13\x65\x8e"
	"\xfa\xe3\xe5\xcb\xee\xcd\x63\x61\x69\x12\x1a\xd4\x74\x91\xd0\x85"
	"\xa6\xad\xbf\x70\xd2\xc0\x6c\xe7\x69\x12\xc8\xba\x10\x9b\x58\xa3"
	"\x1b\xa8\x10\x5d\xf4\xad\xed\x87\x7f\xe0\x1f\xfc\x6e\x23\x88\x27"
	"\x89\xc3\x98\x64\xe8\x8b\xd1\x76\xb0\xa8\x9f\x94\x3d\xbc\x7d\xa3"
	"\xba\x06\xf6\x6f\x9f\x9d\x86\x12\x6f\xc3\xbd\x78\x13\x8c\x2b\xff"
	"\xf4\x75\xf7\xf6\xee\x17\x26\xd2\xe3\x79\x1a\x58\xb1\x90\x1c\x1a"
	"\x20\x91\xb6\xb3\xcf\x59\xbe\x88\xac\x88\x7e\x3b\xf0\x7a\xf8\x80"
	"\xb5\x50\x66\x27\x11\x5e\x97\x9d\x86\x58\x48\x0e\xb3\x8e\x17\xf8"
	"\x37\x96\xb3\x28\xb3\x89\x35\x86\x88\xb3\xcf\x13\x88\x89\xe5\x05"
	"\x88\xe3\x79\x6c\xdd\xac\xd8\xcc\xeb\x6b\x48\x84\x6c\x43\xc9\xa7"
	"\xb3\xd0\x18\x00\xe1\x38\x56\x09\x59\x46\xc9\xed\x52\x50\xe1\xcb"
	"\x07\x46\xde\x9c\xce\x7c\x6b\x98\xf4\xe9\xe7\x37\xcb\x8b\xde\xc8"
	"\x76\x42\x6b\x03\x52\x1d\xbf\xcc\x1e\xa2\xea\x92\x5c\x46\x58\xbf"
	"\x48\x4f\x02\x19\x27\x45\xbd\xa1\x83\xf3\xf6\xb3\x94\x95\xbc\x28"
	"\x72\x16\xc7\xc8\xf6\x74\x0a\x70\x46\x57\x2f\x0b\x36\x7b\xe1\xed"
	"\x91\x1e\xd3\x58\xb1\x7b\xc2\x85\xf0\x30\x7e\x70\x40\x62\xf3\xe8"
	"\x4c\x1c\xf6\x97\x68\x36\x9c\xc7\x8b\xe1\xa2\xa1\xdc\xca\x8e\x33"
	"\xe9\x24\x3a\x93\x38\xa3\xfb\xa7\xdd\xd4\x38\x4c\xde\xb4\xee\xd3"
	"\xf7\x2e\x82\x86\x08\xb6\x3f\xd1\x66\xca\x3e\x28\x0c\x3d\xad\xae"
	"\xa5\xbc\x9c\x8a\xfb\x3a\x30\x02\x17\x27\x73\xba\x52\xc5\x7d\x68"
	"\x4a\xa9\x9b\x38\xfa\x23\xbc\x56\x1b\xea\x29\x1e\x9e\xbf\xbc\xfc"
	"\x38\xaa\x3e\x7e\xfc\xb1\x7b\x1d\x3c\x2d\x84\x2a\xcd\x2a\x99\x6f"
	"\xd3\x26\x24\xef\x66\x22\xc1\x6b\xf1\xaa\x0b\x53\x7a\x4e\xef\xc9"
	"\x9a\x8a\xc6\xe2\x13\x5f\x81\x60\x9f\x8c\x4c\x5b\x40\x78\xe5\xfe"
	"\x9e\xe3\xf1\x08\x63\x44\x68\xbd\x4f\x48\x06\xc5\x10\x60\x93\xe5"
	"\x8f\x40\xd9\x0b\xe2\x07\x81\x45\xb5\x3c\x08\xc7\x1c\xdf\xdb\xfe"
	"\x81\xc3\x79\x08\x31\x50\x36\xa1\xfe\xe4\x37\x20\xd9\x35\xb1\x05"
	"\x8e\x8e\x3f\xfd\x69\xa7\xd3\xd1\xc2\x05\xa3\xf1\x90\x80\xe1\x58"
	"\x17\xcc\x54\x3b\x03\x0d\x55\x09\xdf\x76\xe9\x9f\xd1\x71\x1e\xea"
	"\x30\xd1\x75\xba\x91\x82\xf3\x29\x10\xc6\xd6\xc3\xf3\xfe\x41\x85"
	"\x3a\x6e\x27\x47\x5b\xbb\xbb\xb2\xe4\xa8\x35\x55\x2a\xda\xf6\xae"
	"\x31\xdf\x7b\xec\x89\x4d\x97\x14\x3d\x46\x76\x89\x0d\xbb\x3d\xfd"
	"\x7c\xb9\x4d\x39\xaa\x09\xf3\x14\xaf\xa2\x1b\x7c\x0b\x64\x88\x7d"
	"\xcd\x3a\x95\xe7\xb0\x78\xa4\xc4\x9b\xa6\x91\xba\x57\x42\x2b\x3a"
	"\x9e\x0d\xb0\x00\xc2\x22\x7c\x89\x7a\xca\x86\xeb\x67\x8d\xf8\x68"
	"\x50\x15\xe6\x3c\xc2\xd4\x6c\x09\x9d\x42\xfc\xa9\x4e\x0e\x6f\x47"
	"\x7f\xa2\x05\xc9\xd3\xd7\x67\x6d\x23\xf7\xf8\x6d\xf7\xf8\xef\xa7"
	"\xe7\xaf\x86\x25\x80\x76\x42\xdf\x82\xf4\xdc\x2b\xb0\x85\xf5\x5e"
	"\xd2\xa7\x4b\x54\x60\x9a\x17\xde\x48\xe7\xb7\xad\x60\x66\x27\x50"
	"\xda\xab\xba\xca\x98\xb8\x73\xcb\x0b\xa3\x75\xd6\x49\xc1\xd2\x75"
	"\x91\xcb\x36\x04\x1e\xd5\xf3\x15\xe6\xaa\x9e\x28\x2e\x06\xb6\x57"
	"\x3c\xfd\xf1\xfa\xf0\xfa\xf7\xd1\xeb\xcb\xc7\xfb\xd3\xb3\x29\xb3"
	"\x26\x79\x2b\x38\x86\x14\xe7\x4e\xe8\x72\xf5\xc2\x27\x44\xd5\x5a"
	"\x7b\x33\xa2\xe9\x60\x70\x25\x5b\x51\xa5\xa8\x5d\x16\x68\xff\x63"
	"\x8d\xbb\x09\x29\x78\x45\x50\x31\x42\xbc\x0a\x87\xe2\x93\x9a\x34"
	"\x1f\xdf\xcf\x9b\x6f\x90\xf0\x11\x62\x5a\x36\xb7\xe9\x6a\xa9\x5e"
	"\xb8\x0a\xbe\x08\xbc\x52\x52\x61\xfb\xe0\x00\xdd\xe6\x4d\x91\x3b"
	"\xe1\x30\xaa\xfe\x75\x61\xd8\x07\x39\x08\xcc\x68\x5f\xd4\x5a\x5a"
	"\x8c\x54\x05\xc5\x36\xd6\x57\xba\xf5\xa5\x6a\x8b\x9c\xb7\xdd\x36"
	"\x7c\xdc\xf5\xe4\x74\x48\x08\x1a\xd7\xd8\x00\x58\x82\x3c\xb9\xbb"
	"\x08\x7c\xaa\x29\xd4\xc6\xaf\x20\x4c\x6c\xa8\x79\xa9\x11\x49\x4e"
	"\xc9\x15\xe9\x19\x99\x33\x49\x38\x0f\xdd\x7b\xe4\xc9\x78\x74\x31"
	"\xb1\xa1\x48\x2e\xb7\xb7\xb6\x86\x4a\x29\x65\xfd\x90\x4d\x3a\x59"
	"\x8d\xb9\xbe\xdd\xa2\x20\x1e\x75\xff\xf0\x48\x05\x03\x8b\x0f\xc0"
	"\x3d\x54\x1d\xf7\x29\x5b\xa6\x51\xa9\x9e\xa4\x63\xbe\x39\xb2\x53"
	"\x33\x1e\x4a\x3f\xd9\x86\x53\x43\x68\xeb\xb5\x90\x93\x6c\xe1\xf7"
	"\x26\x08\xf7\x48\x08\x2a\x8c\xc7\x17\x41\xcb\x7b\xd3\x96\xd5\x20"
	"\x68\xd1\xcb\x59\x95\x81\x7b\x28\xd8\xac\xb2\xad\xac\x8b\xda\x72"
	"\x20\x69\xa6\xe2\x25\xe1\x05\x41\x82\x02\x0d\x52\x0b\xbc\x54\x72"
	"\x1c\xd1\x50\xda\x76\x5d\x36\xc1\xf4\xa4\x0c\x26\x2f\xa4\x19\xd0"
	"\x56\xca\x3a\xcd\x55\x10\x47\x98\x32\x82\x59\xd7\x65\xca\x54\xc7"
	"\x0c\x40\x87\x49\x56\xfc\xcd\x4a\x55\x5a\x79\x0c\xde\x02\x3f\x5b"
	"\xb6\x2b\x87\x86\x04\xbc\xd6\x73\x22\x2c\xa9\x8a\x20\x0d\xaf\xfa"
	"\xb6\xed\xf6\xec\x24\x31\x5f\x4d\x2b\xce\x3b\x74\x2e\xc2\xd2\x7a"
	"\xa5\x04\x3b\x63\x48\x20\xb5\xe7\x58\x75\x63\xde\x3c\x6d\xf2\xba"
	"\x2d\x12\x23\x61\x59\xe8\xf1\x31\x38\x57\xd3\xc1\x11\xd7\xe4\xa1"
	"\xd9\xb5\xc9\xc7\x8b\xda\xd2\xbc\xe0\xef\xd8\x4a\xa8\x0a\xdb\x2e"
	"\x24\x2d\xee\xb7\x2d\xb3\x95\x37\xb5\xc8\x88\x83\x3d\x74\x40\x58"
	"\xf5\x2e\xae\x51\xd7\x10\xb2\x35\x2b\x9b\x1c\x96\x99\xb1\x34\xf2"
	"\x64\x91\x99\x8f\xce\xf3\x0c\xa6\xd3\x12\x36\x48\x61\x8c\x67\x97"
	"\xca\x39\x6e\x3c\xd6\x66\x6e\xf5\xf4\x4d\x26\x6b\x7f\x72\x2f\x79"
	"\xab\xe2\xda\x2d\x32\x73\x76\x48\xb4\x65\xad\x8b\xc0\x26\xa3\x83"
	"\x86\xe6\xc6\xac\x97\x30\xb8\x8e\xc9\x97\xae\x47\xb0\x57\xed\xbb"
	"\x99\x41\x38\x51\xa9\x3f\x5f\x9f\x9e\xdf\xff\xad\xbd\x1d\xfc\xd8"
	"\xbd\x7d\xf5\xaf\xf8\xd5\x7e\xbf\x56\x61\xb8\xac\x57\xb8\xf8\x7c"
	"\x0f\x23\x3a\x14\x78\xad\x39\x6a\xe4\xcf\x49\xc4\x75\x97\xf3\xf6"
	"\xea\x64\xff\xfa\x57\x4b\x6a\x5e\x0e\x27\x76\x70\x89\xa1\xfc\x8c"
	"\x17\x2c\x2c\xb6\x65\x77\x15\xc3\xc0\x2f\x74\xd8\x58\x45\x19\x6b"
	"\xd4\x55\xc8\xf4\x51\xd0\xab\x95\x05\x86\x8c\x7c\xa3\x5c\xbf\x72"
	"\x75\x5b\xa8\x4e\x10\x01\xbf\x98\x3f\x7e\x3e\x7d\xdf\xfd\xf2\xfe"
	"\xf4\xa3\x97\xfc\xde\x54\x67\x3e\xea\xf4\x57\xbf\x3f\x75\xc6\x6e"
	"\x84\x99\x7d\x2a\x5a\x25\x74\x29\x71\x42\x37\x60\x12\x04\x8e\x76"
	"\x0a\x94\x6d\x98\x58\x84\xb7\xcf\x65\x06\x4b\x30\x15\x79\x13\x8c"
	"\x99\x36\x84\x1c\x03\x09\x52\xdf\x34\x1b\x97\xf5\x82\x95\x5c\x59"
	"\xa7\x5c\xcd\x3f\x9f\x5c\xd8\x33\xb0\x01\xfe\x87\xa6\xb5\x25\x65"
	"\x90\xcf\x32\x1d\x6c\x59\x52\x4f\x50\x40\xee\xca\x30\x83\xa4\x26"
	"\x6e\x83\xd5\x53\xb2\x7a\x53\x11\x67\x48\xdd\x7a\xea\x5d\x31\xc7"
	"\x50\x25\xbd\xb1\x58\xe4\x73\xa9\x6d\xbf\xf0\x15\x79\x89\x21\x5d"
	"\x28\x49\xdb\x02\xa9\x3e\xd9\xd6\x55\x71\x17\x34\x0a\x57\x80\xaa"
	"\xed\xfb\x6f\x98\x7c\x6e\xbf\xf6\xe9\xfe\xdc\xe8\xa3\x14\x72\xb6"
	"\xc6\xf7\x28\xc8\x71\x83\x41\xc7\xd1\x97\x03\x08\xf5\xa6\xb3\x06"
	"\x23\x71\xbc\x71\xd4\xe3\x7b\xf5\xf9\xaf\x59\x08\x05\x32\x74\x6e"
	"\xca\xe1\xba\x06\x63\x10\x2d\xf3\x2e\x37\xdb\xfd\xf1\xf1\xf5\xab"
	"\xe6\x28\xf6\x10\xc1\xfe\xc8\x2b\xd2\x82\x4d\x67\x89\x40\xb5\x95"
	"\x84\x3b\xb8\xe8\x92\x11\xa8\x43\x83\x46\xf3\xea\xa3\x87\xd6\x44"
	"\x54\x32\x55\x2b\xe8\x5f\x59\x57\xd4\x71\x68\x5f\x2b\x98\xaa\x8b"
	"\x08\x44\xd4\x19\x43\x63\x2b\xca\x4e\x5d\xa3\xea\x04\x8d\x08\xe5"
	"\x54\xe3\x88\x66\x29\x04\x15\xd4\x50\x6d\x33\xfd\xb8\x60\x0c\x14"
	"\x1d\xfa\xcf\x29\x7f\xa0\xc4\x66\xba\xba\xdf\xee\x90\x17\x47\x50"
	"\xc1\x37\x08\xe3\xfe\xd4\x63\xb4\x09\xab\x5f\x8b\x9e\x10\x63\xb3"
	"\x3a\x2a\x2e\xde\x8d\xc7\x86\x45\x4f\x7b\x94\x7e\xc8\x1e\xd1\xe2"
	"\x1b\x93\xe6\xeb\x22\x87\xa0\x02\x60\x30\xd3\xf8\xb0\x7f\x51\xa0"
	"\xa9\x9e\x68\x6f\x51\xf7\xdf\xee\x9f\x9d\x21\x21\x50\x9f\xfe\x03"
	"\xec\xdf\xfd\xcb\x9c\xb1\xcf\xd6\x69\x7d\xe3\x95\x01\x1f\x40\xf2"
	"\x56\x07\x6b\x6b\xac\x03\x04\xe2\x63\xc3\xb8\x72\xc2\x81\xea\xab"
	"\x1d\x5c\x9c\x47\xe8\xb7\xf5\xe3\xa7\xde\x97\x56\x0f\xcf\x5f\x9d"
	"\x78\xd8\x8b\x16\x8f\xb7\x5d\x13\xf4\xa4\x3f\x16\x82\xa4\x7d\x30"
	"\x37\x93\x35\x68\x86\xb2\x8f\xf3\x36\x84\xec\x3d\xfb\x6c\xef\xe4"
	"\x3a\x9e\xd4\x1e\xa7\xd6\x6b\x48\xcf\x40\x61\xc7\x57\x4e\xfb\xd0"
	"\x52\xd7\x63\xc4\x2d\x62\xc5\x8f\x2c\x21\x38\x65\x2c\xba\xfb\x88"
	"\x4a\x13\x87\xd6\x9c\x8e\xa2\x57\x8a\xb2\x83\x13\xa7\x50\x27\xba"
	"\x9b\xfa\x3e\x9e\xb1\x22\x53\xe2\xc9\x08\x13\xed\xb6\x5d\x89\xba"
	"\x45\xf3\xd0\x60\x68\x29\xcc\xc6\x8b\xfd\xad\x33\xd7\xeb\x18\x5f"
	"\x52\x4d\xed\x6d\xd8\xa2\x35\xe7\xcd\x04\x0f\x84\xd3\x53\xd9\xf8"
	"\x62\x24\x4e\xa6\x3d\xd3\x3f\xfa\xc7\xdb\xcf\xa7\x67\xbc\xcd\x7d"
	"\xfb\xd7\xd1\x8f\x8f\xf7\xdd\x5f\x3b\xf8\xc7\xee\xfd\xf1\xd7\x5f"
	"\x7f\xfd\xe7\x5e\xe6\x51\x16\xc6\x2a\xdf\xa5\x92\x51\xbb\x06\x6d"
	"\x8f\x1d\x1b\xb8\x9b\xd1\x92\x38\xec\xf9\x03\xf3\xc0\xc6\xc7\xb8"
	"\x32\xea\x62\xe0\x60\xc6\x63\x32\x9d\x84\x96\x63\x66\x31\x7e\x34"
	"\x99\xc9\x66\xa3\x41\xc0\xa4\xeb\x8d\xfb\x02\xd3\xad\xd5\x46\xf2"
	"\x32\x96\x99\x6a\x1a\xbd\x0d\x6a\x10\x1c\x86\x51\xca\x55\xd1\x75"
	"\x27\xf2\xc2\x3e\x56\xba\xf6\xfe\x2c\x20\xe9\x0e\x85\xe5\xae\xe3"
	"\xc9\x51\x1b\xd9\xbe\xa1\xf4\x71\x4d\xcd\x3d\xc5\xb4\xcc\x21\x55"
	"\xd2\x10\x3e\x9c\xea\x2a\xbc\x71\x82\x39\xaa\x95\x20\x91\xca\xaf"
	"\xf5\x86\x19\xdf\xee\xe0\xff\x1b\x2e\x92\x5a\x72\x57\x40\xa1\x29"
	"\xa8\xda\xf4\x37\x26\xe8\x22\x24\xc4\xe6\x4a\x6c\x89\x0c\x51\xc4"
	"\x63\x43\x9b\x82\x34\x0f\xa7\xec\xdc\x79\xda\xa8\xaf\x8c\xd2\x2e"
	"\x2c\x3e\x01\x41\xbf\x39\x26\x47\x05\x11\xd4\xd0\x19\x10\xdc\x2d"
	"\x61\x70\x60\x0c\xc6\x78\xeb\x33\x93\xbe\x67\x50\x08\x32\x39\xab"
	"\x2a\x00\x47\x94\x2c\x9e\x5f\xcb\xc9\x23\x17\xf0\x67\x2d\xb6\x0a"
	"\x4f\x60\x75\x90\xda\x09\x01\x88\x8c\x78\x99\x40\xa8\x08\xa1\x31"
	"\x2b\xd8\x1a\x0a\x2d\xb5\x28\x73\x34\xe5\x18\x2c\xfc\x00\xbe\x1f"
	"\x9c\x2d\x17\xa2\x16\x61\x77\x0e\x86\xf1\x30\xe9\xf2\x61\xbf\x5c"
	"\xa0\xc4\x2a\xbd\x6b\x83\x2f\x78\xab\xba\xd1\xdd\x25\x1c\xb1\x63"
	"\xd1\x55\xfa\x90\x10\xa7\x2e\x05\x6b\x56\x61\xcc\x70\xbc\x5d\x0c"
	"\x0b\xcc\xca\x40\x8b\x0a\xa5\xf2\x1c\xd5\x47\xcf\x74\x20\x68\x8a"
	"\xac\x66\x00\x22\xd5\xe9\x42\x3a\x88\xb4\xff\x50\xe7\x62\x68\xb8"
	"\x54\xde\x29\x8e\x8c\xa1\x54\x43\xe6\xa2\x83\x98\x19\xf6\xb7\x3a"
	"\x52\x37\xe0\x2d\x55\x08\x8e\x0f\x0e\xa9\xdc\xe4\x78\x3c\x72\x9b"
	"\x87\xce\x9e\xfa\x78\x97\x9e\xc7\x2b\xd1\x86\xde\xfb\x78\x25\x0c"
	"\x1a\x15\x37\xeb\x1e\x68\xec\x34\xc3\x48\x7b\x6c\xca\x19\x21\xc2"
	"\xfe\x5a\x6d\x86\xa8\x40\xd2\x66\x00\x94\x7e\x09\xa4\xa9\xc5\x01"
	"\x19\xc5\x20\x7a\x3b\x8f\x00\x56\x1b\x0c\xb2\x18\x01\xf4\x93\xa2"
	"\x1f\x78\xc2\xd3\xa6\xfa\x7c\x2b\x2b\x90\xa5\x57\x75\x88\x7f\x24"
	"\xc0\xad\x61\xd0\xfa\x18\xd0\xde\x3b\xda\x21\x9d\x55\xb0\xd2\x18"
	"\x5e\x33\xe9\x0f\x88\x5d\x53\x8b\x27\x91\x4a\x27\xc5\x5a\xdd\x23"
	"\xaa\x10\x77\x2c\x78\x8f\xd8\x41\x99\x09\xef\x47\x60\x3f\xa4\x49"
	"\xb3\xf0\xd2\x1c\xa4\xd7\x35\x2d\x03\xde\xd9\xd0\xfc\x75\x85\x57"
	"\x61\x7d\x94\xbc\x48\x07\xaa\xe5\xb4\x4d\x80\x2f\xac\x4a\x26\xc2"
	"\x12\x85\xb1\x60\xfe\x0f\xe4\x64\x0d\x8d\x29\xa9\x54\x63\x34\x52"
	"\x37\x99\x83\x74\xab\xf4\xc6\x38\x6a\xf4\xd2\x1a\xcc\x5c\xdc\xc0"
	"\x8c\x4a\xb3\x0c\xfb\x25\xe5\x7b\x44\x00\xe7\x80\x2d\x46\xd5\x02"
	"\xb3\xe9\x5f\x31\x18\x1e\xc4\xd0\x83\x3c\xf6\xaa\x84\xf5\x48\x38"
	"\x19\x8b\x51\x93\x41\xc4\x50\x82\x48\x64\x67\x4c\xd0\x01\x0a\x4d"
	"\x57\xda\x15\xec\x8b\x38\x4c\xbb\xb5\xa4\xe9\x5a\x1a\x43\xdf\x88"
	"\x31\x6f\x75\xaa\x49\x2b\x7e\x4b\x06\xa9\xd7\x6d\xd6\x9a\x5b\x6d"
	"\xbe\x22\x69\xdc\x1a\x80\x6d\x7d\x4b\x03\xf4\xd5\x2c\x4d\xd7\x4a"
	"\xe3\x28\x1d\xb6\xcc\x22\xa3\x11\x9d\xe3\x84\xc2\xa6\xa2\x7f\x93"
	"\x05\xc8\xc3\x34\x42\xa0\xea\xb5\x25\x6d\x66\x74\x7f\x51\x4f\x49"
	"\x14\x35\xcf\x18\x4d\x2c\xd6\x65\xa4\xee\xf8\x5a\xc4\xf5\xb9\xe2"
	"\x74\x40\x13\xee\xbd\x45\x5e\xa1\x8b\xc2\xa9\xa5\xae\xf2\x58\xe4"
	"\xa2\x04\xd1\x37\xd2\x40\xed\x1c\x24\x52\x51\x5a\xd7\xdd\xcf\x17"
	"\x65\xf6\x44\xda\xc1\xe9\xc9\x52\xd6\x91\x91\x2a\x79\x49\x2a\x5b"
	"\x86\x32\xf0\x1c\x41\x40\xe0\x73\x72\xce\x6b\x85\xd6\x56\xa9\xc7"
	"\x40\xaa\x10\x1d\xed\x6e\x6b\x14\x3f\x0f\x01\x4b\x86\xd1\x72\x27"
	"\x14\x3f\xcb\xcc\xba\x24\xc2\xdf\x31\xc5\x55\x97\x28\x15\x0d\x54"
	"\xa3\xcd\xef\x39\x1e\x56\xcc\xaf\x15\x35\xae\xf7\x52\x5e\x21\x73"
	"\xa9\x0e\x6f\x1b\x9e\x39\x2e\x3f\x81\x3d\x34\x6d\x1f\xfa\x1c\xba"
	"\x85\xd0\x49\x37\x39\x6a\x0e\x06\x61\x29\x27\x2e\xaf\x74\x76\xfa"
	"\x04\x85\x75\x55\x82\x15\x48\x1b\x92\xc7\xce\x2f\x9b\xdb\xd8\x89"
	"\xb2\xc8\x97\x55\xaf\xc9\x8c\xc0\xf8\x22\x8f\xd5\x88\xa3\xd1\x0b"
	"\xcd\x27\x15\x48\x9b\x4c\x82\x84\x80\xda\xeb\x84\x2f\xd0\xa9\x43"
	"\xc9\xd6\xa1\x7d\x08\xbd\xea\xc8\x7c\xb9\x32\x9f\x45\x0c\x49\x5b"
	"\x74\x9b\x25\xd1\x67\xe8\x56\xe2\xbf\x28\xc8\x88\xd8\xb6\x65\xea"
	"\x5c\x1a\xf6\xb0\x94\xb5\xe1\xe3\xc8\x1e\xa2\x33\x68\xf2\x83\x70"
	"\xbc\x4d\x6e\x88\x18\x00\x06\x52\x7b\xee\xe4\x6d\x79\x72\x1b\x6b"
	"\xfa\x28\xf3\x0b\xde\x14\xb9\x73\x0d\x6e\x64\xd7\x96\xa1\x64\x90"
	"\x66\x89\xe4\xad\x54\x07\x0a\x6d\x11\x12\xc2\xd4\x32\xd8\xed\x6d"
	"\x93\x31\x22\xbd\x0c\x77\x2f\x52\x9c\xbb\x86\x68\x83\x53\x19\x6c"
	"\xe1\x6a\xa3\xc4\x91\x10\x49\xb9\x52\x0d\x11\x04\x2f\xeb\x56\x75"
	"\x72\x9c\xea\x5d\x85\x04\xda\xb7\xec\xc2\xcd\x53\x93\x4c\x79\x44"
	"\x09\x58\x80\x06\x7d\x9a\x69\x56\xb7\x80\x24\xbc\xcf\xff\x1f\xba"
	"\xe8\x52\x5e\xb5\x5b\x02\x00"
MAGIC_END;
